TimeStamp,Name,EID,load,free_mem,free_swap
1645090951689,ct523c-3011,1.0,185,2191436,4194300
1645090958931,ct523c-3011,1.0,172,2142784,4194300
1645090966158,ct523c-3011,1.0,175,2141552,4194300
1645090973383,ct523c-3011,1.0,162,2142744,4194300
1645090980669,ct523c-3011,1.0,158,2142416,4194300
1645090987929,ct523c-3011,1.0,149,2152816,4194300
1645090995131,ct523c-3011,1.0,145,2156884,4194300
1645091002336,ct523c-3011,1.0,140,2156556,4194300
1645091009606,ct523c-3011,1.0,135,2132856,4194300
1645091016919,ct523c-3011,1.0,132,2133092,4194300
1645091024160,ct523c-3011,1.0,141,2128252,4194300
1645091031435,ct523c-3011,1.0,147,2132988,4194300
1645091038761,ct523c-3011,1.0,147,2134516,4194300
1645091045976,ct523c-3011,1.0,150,2131420,4194300
1645091053303,ct523c-3011,1.0,142,2132484,4194300
1645091060513,ct523c-3011,1.0,139,2131144,4194300
1645091067792,ct523c-3011,1.0,137,2124960,4194300
1645091075065,ct523c-3011,1.0,130,2123780,4194300
1645091082303,ct523c-3011,1.0,127,2127096,4194300
1645091089505,ct523c-3011,1.0,130,2133184,4194300
