TimeStamp,Name,EID,CX-Name,IS_RUNNING,tx_rate,bps_tx_rate_3s,rx_rate,bps_rx_rate_3s,rx_drop%x1000,tx_pkts,rx_pkts,tx_bytes,rx_bytes,rx_dropped_pkts,rx_dup_pkts,rx_ooo_pkts,rx_wrong_dev,rx_crc_failed,rx_bit_errors,TCP-RTX,conn_timeouts,conn_established,conn_active,tcp_CWND,min_conn_duration_ms,max_conn_duration_ms,min_reconn_pause_ms,max_reconn_pause_ms,pattern,min_pkt_size,max_pkt_size,min_tx_rate,max_tx_rate,running_for,last_report_ago,destination_addr,source_addr,min_latency,avg_latency,max_latency,box_width,lat_0,lat_1,lat_2,lat_3,lat_4,lat_5,lat_6,lat_7,lat_8,lat_9,lat_10,lat_11,lat_12,lat_13,lat_14,lat_15,min_rt_latency,avg_rt_latency,max_rt_latency,rt_box_width,rt_lat_0,rt_lat_1,rt_lat_2,rt_lat_3,rt_lat_4,rt_lat_5,rt_lat_6,rt_lat_7,rt_lat_8,rt_lat_9,rt_lat_10,rt_lat_11,rt_lat_12,rt_lat_13,rt_lat_14,rt_lat_15,min_drop_amt,avg_drop_amt,max_drop_amt,drop_box_width,drop_amt_0,drop_amt_1,drop_amt_2,drop_amt_3,drop_amt_4,drop_amt_5,drop_amt_6,drop_amt_7,drop_amt_8,drop_amt_9,drop_amt_10,drop_amt_11,drop_amt_12,drop_amt_13,drop_amt_14,drop_amt_15,RptTimer,files_replayed,Avg-Jitter,rx_pkts_ll,tx_pkts_ll,rx_bytes_ll,tx_bytes_ll,cx_dropped_pkts,Rx-First-Pkt-ms,min_gap,avg_gap,max_gap,gap_box_width,gap_0,gap_1,gap_2,gap_3,gap_4,gap_5,gap_6,gap_7,gap_8,gap_9,gap_10,gap_11,gap_12,gap_13,gap_14,gap_15,Rx-Bps-Last,Tx-Bps-Last,
1645090951969,udp--1.eth2-01.sta01004-A,1.1.15.44.1,udp--1.eth2-01.sta01004,true,0,0,0,0,0,0,0,0,0,0,0,0,0,0,0,0,0,0,1,0,4294967295,0,0,0,INCREASING,1472,1472,0,0,0,0,172.16.0.1:33374,172.16.3.202:33373,0,0.0,0,1,0,0,0,0,0,0,0,0,0,0,0,0,0,0,0,0,0,0.0,0,1,0,0,0,0,0,0,0,0,0,0,0,0,0,0,0,0,0,0.0,0,1,0,0,0,0,0,0,0,0,0,0,0,0,0,0,0,0,1000,0,0,0,0,0,0,0,-1,0,0.0,0,1,0,0,0,0,0,0,0,0,0,0,0,0,0,0,0,0,0,0
1645090962585,udp--1.eth2-01.sta01004-A,1.1.15.44.1,udp--1.eth2-01.sta01004,true,0,0,8413102,8458212,0,0,718,0,1056896,10,0,0,0,0,0,0,0,0,1,0,4294967295,0,0,0,INCREASING,1472,1472,0,0,1,0,172.16.0.1:33374,172.16.3.202:33373,0,18.287,99,1,197,138,117,45,19,32,69,101,0,0,0,0,0,0,0,0,0,0.0,0,1,0,0,0,0,0,0,0,0,0,0,0,0,0,0,0,0,1,1.111,2,1,9,0,0,0,0,0,0,0,0,0,0,0,0,0,0,0,1000,0,0,718,0,1087052,0,0,40,0,1.321,61,1,503,95,83,30,2,1,4,0,0,0,0,0,0,0,0,0,8429878,0
1645090963699,udp--1.eth2-01.sta01004-A,1.1.15.44.1,udp--1.eth2-01.sta01004,true,0,0,8152615,8182618,0,0,1467,0,2159424,10,0,0,0,0,0,0,0,0,1,0,4294967295,0,0,0,INCREASING,1472,1472,0,0,2,0,172.16.0.1:33374,172.16.3.202:33373,0,2.381,99,1,413,383,326,114,29,32,69,101,0,0,0,0,0,0,0,0,0,0.0,0,1,0,0,0,0,0,0,0,0,0,0,0,0,0,0,0,0,1,1.111,2,1,9,0,0,0,0,0,0,0,0,0,0,0,0,0,0,0,1000,0,1,1467,0,2221038,0,0,40,0,1.468,61,1,915,227,246,67,7,1,4,0,0,0,0,0,0,0,0,0,7910514,0
1645090964731,udp--1.eth2-01.sta01004-A,1.1.15.44.1,udp--1.eth2-01.sta01004,true,0,0,8081055,8169077,0,0,2163,0,3183936,10,0,0,0,0,0,0,0,0,1,0,4294967295,0,0,0,INCREASING,1472,1472,0,0,3,0,172.16.0.1:33374,172.16.3.202:33373,0,2.102,99,1,659,620,507,141,34,32,69,101,0,0,0,0,0,0,0,0,0,0.0,0,1,0,0,0,0,0,0,0,0,0,0,0,0,0,0,0,0,1,1.111,2,1,9,0,0,0,0,0,0,0,0,0,0,0,0,0,0,0,1000,0,1,2163,0,3274782,0,0,40,0,1.474,61,1,1273,378,393,104,10,1,4,0,0,0,0,0,0,0,0,0,7941953,0
1645090965756,udp--1.eth2-01.sta01004-A,1.1.15.44.1,udp--1.eth2-01.sta01004,true,0,0,7972606,7941677,0,0,2855,0,4202560,10,0,0,0,0,0,0,0,0,1,0,4294967295,0,0,0,INCREASING,1472,1472,0,0,4,0,172.16.0.1:33374,172.16.3.202:33373,0,1.947,99,1,901,847,707,161,37,32,69,101,0,0,0,0,0,0,0,0,0,0.0,0,1,0,0,0,0,0,0,0,0,0,0,0,0,0,0,0,0,1,1.111,2,1,9,0,0,0,0,0,0,0,0,0,0,0,0,0,0,0,1000,0,1,2855,0,4322470,0,0,40,0,1.468,61,1,1637,508,554,139,12,1,4,0,0,0,0,0,0,0,0,0,7950236,0
1645090966799,udp--1.eth2-01.sta01004-A,1.1.15.44.1,udp--1.eth2-01.sta01004,true,0,0,8026629,7935741,0,0,3558,0,5237376,10,0,0,0,0,0,0,0,0,1,0,4294967295,0,0,0,INCREASING,1472,1472,0,0,5,0,172.16.0.1:33374,172.16.3.202:33373,0,2.356,99,1,1090,1054,926,241,45,32,69,101,0,0,0,0,0,0,0,0,0,0.0,0,1,0,0,0,0,0,0,0,0,0,0,0,0,0,0,0,0,1,1.111,2,1,9,0,0,0,0,0,0,0,0,0,0,0,0,0,0,0,1000,0,0,3558,0,5386812,0,0,40,0,1.464,61,1,2029,636,679,191,18,1,4,0,0,0,0,0,0,0,0,0,7937227,0
1645090967901,udp--1.eth2-01.sta01004-A,1.1.15.44.1,udp--1.eth2-01.sta01004,true,0,0,8012747,7937282,0,0,4301,0,6331072,10,0,0,0,0,0,0,0,0,1,0,4294967295,0,0,0,INCREASING,1472,1472,0,0,6,0,172.16.0.1:33374,172.16.3.202:33373,0,2.488,99,1,1307,1286,1149,306,51,32,69,101,0,0,0,0,0,0,0,0,0,0.0,0,1,0,0,0,0,0,0,0,0,0,0,0,0,0,0,0,0,1,1.111,2,1,9,0,0,0,0,0,0,0,0,0,0,0,0,0,0,0,1000,0,1,4301,0,6511714,0,0,40,0,1.459,61,1,2432,774,831,236,23,1,4,0,0,0,0,0,0,0,0,0,7939716,0
1645090968940,udp--1.eth2-01.sta01004-A,1.1.15.44.1,udp--1.eth2-01.sta01004,true,0,0,8001600,7934968,0,0,5001,0,7361472,10,0,0,0,0,0,0,0,0,1,0,4294967295,0,0,0,INCREASING,1472,1472,0,0,7,0,172.16.0.1:33374,172.16.3.202:33373,0,2.559,99,1,1508,1503,1341,377,70,32,69,101,0,0,0,0,0,0,0,0,0,0.0,0,1,0,0,0,0,0,0,0,0,0,0,0,0,0,0,0,0,1,1.111,2,1,9,0,0,0,0,0,0,0,0,0,0,0,0,0,0,0,1000,0,1,5001,0,7571514,0,0,40,0,1.463,61,1,2825,899,957,285,30,1,4,0,0,0,0,0,0,0,0,0,7933782,0
1645090969942,udp--1.eth2-01.sta01004-A,1.1.15.44.1,udp--1.eth2-01.sta01004,true,0,0,7994780,7945157,0,0,5677,0,8356544,10,0,0,0,0,0,0,0,0,1,0,4294967295,0,0,0,INCREASING,1472,1472,0,0,8,0,172.16.0.1:33374,172.16.3.202:33373,0,2.782,99,1,1688,1734,1532,445,76,32,69,101,0,0,0,0,0,0,0,0,0,0.0,0,1,0,0,0,0,0,0,0,0,0,0,0,0,0,0,0,0,1,1.111,2,1,9,0,0,0,0,0,0,0,0,0,0,0,0,0,0,0,1000,0,1,5677,0,8594978,0,0,40,0,1.46,61,1,3186,1035,1085,334,32,1,4,0,0,0,0,0,0,0,0,0,7952623,0
1645090971034,udp--1.eth2-01.sta01004-A,1.1.15.44.1,udp--1.eth2-01.sta01004,true,0,0,7984362,7923258,0,0,6410,0,9435520,10,0,0,0,0,0,0,0,0,1,0,4294967295,0,0,0,INCREASING,1472,1472,0,0,9,0,172.16.0.1:33374,172.16.3.202:33373,0,2.026,99,1,1937,1994,1697,482,87,43,69,101,0,0,0,0,0,0,0,0,0,0.0,0,1,0,0,0,0,0,0,0,0,0,0,0,0,0,0,0,0,1,1.111,2,1,9,0,0,0,0,0,0,0,0,0,0,0,0,0,0,0,1000,0,0,6410,0,9704740,0,0,40,0,1.469,61,1,3579,1194,1226,371,34,2,4,0,0,0,0,0,0,0,0,0,7897354,0
1645090972002,udp--1.eth2-01.sta01004-A,1.1.15.44.1,udp--1.eth2-01.sta01004,true,0,0,7840997,7795378,989,0,7028,0,10345216,10,0,0,0,0,0,0,0,0,1,0,4294967295,0,0,0,INCREASING,1472,1472,0,0,10,0,172.16.0.1:33374,172.16.3.202:33373,0,2.114,99,1,2151,2222,1843,511,88,43,69,101,0,0,0,0,0,0,0,0,0,0.0,0,1,0,0,0,0,0,0,0,0,0,0,0,0,0,0,0,0,1,1.111,2,1,9,0,0,0,0,0,0,0,0,0,0,0,0,0,0,0,1000,0,1,7028,0,10640392,0,63,40,0,1.469,61,1,3896,1349,1338,404,35,2,4,0,0,0,0,0,0,0,0,0,7518148,0
1645090973043,udp--1.eth2-01.sta01004-A,1.1.15.44.1,udp--1.eth2-01.sta01004,true,0,0,7846624,7993261,408,0,7764,0,11428608,10,0,0,0,0,0,0,0,0,1,0,4294967295,0,0,0,INCREASING,1472,1472,0,0,11,0,172.16.0.1:33374,172.16.3.202:33373,0,1.898,99,1,2390,2459,2000,539,101,68,94,113,0,0,0,0,0,0,0,0,0,0.0,0,1,0,0,0,0,0,0,0,0,0,0,0,0,0,0,0,0,1,1.111,2,1,9,0,0,0,0,0,0,0,0,0,0,0,0,0,0,0,1000,0,1,7764,0,11754696,0,29,40,0,1.461,82,1,4315,1501,1460,443,36,4,4,1,0,0,0,0,0,0,0,0,8325779,0
1645090974095,udp--1.eth2-01.sta01004-A,1.1.15.44.1,udp--1.eth2-01.sta01004,true,0,0,7856847,7936429,333,0,8474,0,12473728,10,0,0,0,0,0,0,0,0,1,0,4294967295,0,0,0,INCREASING,1472,1472,0,0,12,0,172.16.0.1:33374,172.16.3.202:33373,0,1.955,99,1,2647,2698,2191,560,103,68,94,113,0,0,0,0,0,0,0,0,0,0.0,0,1,0,0,0,0,0,0,0,0,0,0,0,0,0,0,0,0,1,1.111,2,1,9,0,0,0,0,0,0,0,0,0,0,0,0,0,0,0,1000,0,1,8474,0,12829636,0,26,40,0,1.49,82,1,4692,1653,1600,482,38,4,4,1,0,0,0,0,0,0,0,0,7947680,0
1645090975146,udp--1.eth2-01.sta01004-A,1.1.15.44.1,udp--1.eth2-01.sta01004,true,0,0,7868660,7940386,329,0,9183,0,13517376,10,0,0,0,0,0,0,0,0,1,0,4294967295,0,0,0,INCREASING,1472,1472,0,0,13,0,172.16.0.1:33374,172.16.3.202:33373,0,1.991,99,1,2901,2973,2344,585,105,68,94,113,0,0,0,0,0,0,0,0,0,0.0,0,1,0,0,0,0,0,0,0,0,0,0,0,0,0,0,0,0,1,1.111,2,1,9,0,0,0,0,0,0,0,0,0,0,0,0,0,0,0,1000,0,1,9183,0,13903062,0,28,40,0,1.48,82,1,5030,1861,1735,509,39,4,4,1,0,0,0,0,0,0,0,0,7951603,0
1645090976187,udp--1.eth2-01.sta01004-A,1.1.15.44.1,udp--1.eth2-01.sta01004,true,0,0,7842468,7941037,998,0,9885,0,14550720,10,0,0,0,0,0,0,0,0,1,0,4294967295,0,0,0,INCREASING,1472,1472,0,0,14,0,172.16.0.1:33374,172.16.3.202:33373,0,2.078,99,1,3138,3222,2525,614,111,68,94,113,0,0,0,0,0,0,0,0,0,0.0,0,1,0,0,0,0,0,0,0,0,0,0,0,0,0,0,0,0,1,1.111,2,1,9,0,0,0,0,0,0,0,0,0,0,0,0,0,0,0,1000,0,1,9885,0,14965890,0,92,40,0,1.47,82,1,5391,2032,1865,547,41,4,4,1,0,0,0,0,0,0,0,0,7933543,0
1645090977293,udp--1.eth2-01.sta01004-A,1.1.15.44.1,udp--1.eth2-01.sta01004,true,0,0,7902442,7954309,0,0,10633,0,15651776,10,0,0,0,0,0,0,0,0,1,0,4294967295,0,0,0,INCREASING,1472,1472,0,0,15,0,172.16.0.1:33374,172.16.3.202:33373,0,2.356,99,1,3407,3486,2705,646,114,68,94,113,0,0,0,0,0,0,0,0,0,0.0,0,1,0,0,0,0,0,0,0,0,0,0,0,0,0,0,0,0,1,1.111,2,1,9,0,0,0,0,0,0,0,0,0,0,0,0,0,0,0,1000,0,1,10633,0,16098362,0,0,40,0,1.443,82,1,5775,2212,2008,586,43,4,4,1,0,0,0,0,0,0,0,0,7971446,0
1645090978330,udp--1.eth2-01.sta01004-A,1.1.15.44.1,udp--1.eth2-01.sta01004,true,0,0,7913963,7966581,262,0,11336,0,16686592,10,0,0,0,0,0,0,0,0,1,0,4294967295,0,0,0,INCREASING,1472,1472,0,0,16,0,172.16.0.1:33374,172.16.3.202:33373,0,2.359,99,1,3661,3723,2861,674,122,85,97,113,0,0,0,0,0,0,0,0,0,0.0,0,1,0,0,0,0,0,0,0,0,0,0,0,0,0,0,0,0,1,1.111,2,1,9,0,0,0,0,0,0,0,0,0,0,0,0,0,0,0,1000,0,1,11336,0,17162704,0,28,40,0,1.466,82,1,6149,2369,2143,619,46,4,5,1,0,0,0,0,0,0,0,0,7975460,0
1645090979371,udp--1.eth2-01.sta01004-A,1.1.15.44.1,udp--1.eth2-01.sta01004,true,0,0,7916384,8002605,228,0,12046,0,17731712,10,0,0,0,0,0,0,0,0,1,0,4294967295,0,0,0,INCREASING,1472,1472,0,0,17,0,172.16.0.1:33374,172.16.3.202:33373,0,8.459,99,1,3884,3966,3019,687,131,101,128,130,0,0,0,0,0,0,0,0,0,0.0,0,1,0,0,0,0,0,0,0,0,0,0,0,0,0,0,0,0,1,1.111,2,1,9,0,0,0,0,0,0,0,0,0,0,0,0,0,0,0,1000,0,1,12046,0,18237644,0,26,40,0,1.392,90,1,6533,2540,2277,637,47,5,5,2,0,0,0,0,0,0,0,0,8031661,0
1645090980464,udp--1.eth2-01.sta01004-A,1.1.15.44.1,udp--1.eth2-01.sta01004,true,0,0,7930674,7999312,0,0,12787,0,18822464,10,0,0,0,0,0,0,0,0,1,0,4294967295,0,0,0,INCREASING,1472,1472,0,0,18,0,172.16.0.1:33374,172.16.3.202:33373,0,2.493,99,1,4161,4230,3182,712,139,105,128,130,0,0,0,0,0,0,0,0,0,0.0,0,1,0,0,0,0,0,0,0,0,0,0,0,0,0,0,0,0,1,1.111,2,1,9,0,0,0,0,0,0,0,0,0,0,0,0,0,0,0,1000,0,1,12787,0,19359518,0,0,40,0,1.453,90,1,6915,2720,2423,667,49,6,5,2,0,0,0,0,0,0,0,0,7983546,0
1645090981505,udp--1.eth2-01.sta01004-A,1.1.15.44.1,udp--1.eth2-01.sta01004,true,0,0,7949241,7995802,0,0,13494,0,19863168,10,0,0,0,0,0,0,0,0,1,0,4294967295,0,0,0,INCREASING,1472,1472,0,0,19,0,172.16.0.1:33374,172.16.3.202:33373,0,2.022,99,1,4420,4483,3355,732,141,105,128,130,0,0,0,0,0,0,0,0,0,0.0,0,1,0,0,0,0,0,0,0,0,0,0,0,0,0,0,0,0,1,1.111,2,1,9,0,0,0,0,0,0,0,0,0,0,0,0,0,0,0,1000,0,1,13494,0,20429916,0,0,40,0,1.46,90,1,7273,2905,2553,699,51,6,5,2,0,0,0,0,0,0,0,0,7997725,0
1645090982631,udp--1.eth2-01.sta01004-A,1.1.15.44.1,udp--1.eth2-01.sta01004,true,0,0,7976334,8007048,0,0,14260,0,20990720,10,0,0,0,0,0,0,0,0,1,0,4294967295,0,0,0,INCREASING,1472,1472,0,0,21,0,172.16.0.1:33374,172.16.3.202:33373,0,2.226,99,1,4698,4750,3546,760,143,105,128,130,0,0,0,0,0,0,0,0,0,0.0,0,1,0,0,0,0,0,0,0,0,0,0,0,0,0,0,0,0,1,1.111,2,1,9,0,0,0,0,0,0,0,0,0,0,0,0,0,0,0,1000,0,1,14260,0,21589640,0,0,40,0,1.462,90,1,7671,3091,2696,737,52,6,5,2,0,0,0,0,0,0,0,0,8039586,0
1645090983635,udp--1.eth2-01.sta01004-A,1.1.15.44.1,udp--1.eth2-01.sta01004,true,0,0,7976670,7987888,0,0,14940,0,21991680,10,0,0,0,0,0,0,0,0,1,0,4294967295,0,0,0,INCREASING,1472,1472,0,0,22,0,172.16.0.1:33374,172.16.3.202:33373,0,2.095,99,1,4935,4986,3714,794,148,105,128,130,0,0,0,0,0,0,0,0,0,0.0,0,1,0,0,0,0,0,0,0,0,0,0,0,0,0,0,0,0,1,1.111,2,1,9,0,0,0,0,0,0,0,0,0,0,0,0,0,0,0,1000,0,0,14940,0,22619160,0,0,40,0,1.468,90,1,8033,3234,2833,772,55,6,5,2,0,0,0,0,0,0,0,0,7944126,0
1645090984639,udp--1.eth2-01.sta01004-A,1.1.15.44.1,udp--1.eth2-01.sta01004,true,0,0,7968714,7962293,0,0,15616,0,22986752,10,0,0,0,0,0,0,0,0,1,0,4294967295,0,0,0,INCREASING,1472,1472,0,0,23,0,172.16.0.1:33374,172.16.3.202:33373,0,2.005,99,1,5194,5220,3864,827,148,105,128,130,0,0,0,0,0,0,0,0,0,0.0,0,1,0,0,0,0,0,0,0,0,0,0,0,0,0,0,0,0,1,1.111,2,1,9,0,0,0,0,0,0,0,0,0,0,0,0,0,0,0,1000,0,1,15616,0,23642624,0,0,40,0,1.48,90,1,8397,3378,2962,811,55,6,5,2,0,0,0,0,0,0,0,0,7928860,0
1645090985724,udp--1.eth2-01.sta01004-A,1.1.15.44.1,udp--1.eth2-01.sta01004,true,0,0,7973246,7937194,0,0,16348,0,24064256,10,0,0,0,0,0,0,0,0,1,0,4294967295,0,0,0,INCREASING,1472,1472,0,0,24,0,172.16.0.1:33374,172.16.3.202:33373,0,2.107,99,1,5438,5468,4052,860,157,115,128,130,0,0,0,0,0,0,0,0,0,0.0,0,1,0,0,0,0,0,0,0,0,0,0,0,0,0,0,0,0,1,1.111,2,1,9,0,0,0,0,0,0,0,0,0,0,0,0,0,0,0,1000,0,1,16348,0,24750872,0,0,40,0,1.478,90,1,8789,3538,3104,846,57,7,5,2,0,0,0,0,0,0,0,0,7944729,0
1645090986764,udp--1.eth2-01.sta01004-A,1.1.15.44.1,udp--1.eth2-01.sta01004,true,0,0,7951423,7932224,0,0,17046,0,25091712,10,0,0,0,0,0,0,0,0,1,0,4294967295,0,0,0,INCREASING,1472,1472,0,0,25,0,172.16.0.1:33374,172.16.3.202:33373,0,6.971,139,1,5628,5683,4177,892,183,151,151,174,7,0,0,0,0,0,0,0,0,0.0,0,1,0,0,0,0,0,0,0,0,0,0,0,0,0,0,0,0,1,1.111,2,1,9,0,0,0,0,0,0,0,0,0,0,0,0,0,0,0,1000,0,1,17046,0,25807644,0,0,40,0,1.43,140,1,9225,3658,3215,871,59,9,6,2,1,0,0,0,0,0,0,0,7903507,0
1645090987794,udp--1.eth2-01.sta01004-A,1.1.15.44.1,udp--1.eth2-01.sta01004,true,0,0,7959982,7941128,0,0,17743,0,26117696,10,0,0,0,0,0,0,0,0,1,0,4294967295,0,0,0,INCREASING,1472,1472,0,0,26,0,172.16.0.1:33374,172.16.3.202:33373,0,1.929,139,1,5884,5936,4346,911,183,151,151,174,7,0,0,0,0,0,0,0,0,0.0,0,1,0,0,0,0,0,0,0,0,0,0,0,0,0,0,0,0,1,1.111,2,1,9,0,0,0,0,0,0,0,0,0,0,0,0,0,0,0,1000,0,1,17743,0,26862902,0,0,40,0,1.467,140,1,9579,3826,3358,902,60,9,6,2,1,0,0,0,0,0,0,0,7968807,0
1645090988829,udp--1.eth2-01.sta01004-A,1.1.15.44.1,udp--1.eth2-01.sta01004,true,0,0,7973540,8000880,0,0,18451,0,27159872,10,0,0,0,0,0,0,0,0,1,0,4294967295,0,0,0,INCREASING,1472,1472,0,0,27,0,172.16.0.1:33374,172.16.3.202:33373,0,2.003,139,1,6134,6174,4522,948,190,151,151,174,7,0,0,0,0,0,0,0,0,0.0,0,1,0,0,0,0,0,0,0,0,0,0,0,0,0,0,0,0,1,1.111,2,1,9,0,0,0,0,0,0,0,0,0,0,0,0,0,0,0,1000,0,1,18451,0,27934814,0,0,40,0,1.454,140,1,9976,3966,3477,950,64,9,6,2,1,0,0,0,0,0,0,0,8055466,0
1645090989909,udp--1.eth2-01.sta01004-A,1.1.15.44.1,udp--1.eth2-01.sta01004,true,0,0,7972961,8024597,0,0,19189,0,28246208,10,0,0,0,0,0,0,0,0,1,0,4294967295,0,0,0,INCREASING,1472,1472,0,0,28,0,172.16.0.1:33374,172.16.3.202:33373,0,1.967,139,1,6421,6440,4679,975,191,151,151,174,7,0,0,0,0,0,0,0,0,0.0,0,1,0,0,0,0,0,0,0,0,0,0,0,0,0,0,0,0,1,1.111,2,1,9,0,0,0,0,0,0,0,0,0,0,0,0,0,0,0,1000,0,1,19189,0,29052146,0,0,40,0,1.453,140,1,10348,4173,3600,985,65,9,6,2,1,0,0,0,0,0,0,0,8046933,0
1645090990923,udp--1.eth2-01.sta01004-A,1.1.15.44.1,udp--1.eth2-01.sta01004,true,0,0,7979620,8060597,0,0,19884,0,29269248,10,0,0,0,0,0,0,0,0,1,0,4294967295,0,0,0,INCREASING,1472,1472,0,0,29,0,172.16.0.1:33374,172.16.3.202:33373,0,2.299,139,1,6683,6682,4835,1009,192,151,151,174,7,0,0,0,0,0,0,0,0,0.0,0,1,0,0,0,0,0,0,0,0,0,0,0,0,0,0,0,0,1,1.111,2,1,9,0,0,0,0,0,0,0,0,0,0,0,0,0,0,0,1000,0,1,19884,0,30104376,0,0,40,0,1.452,140,1,10708,4345,3724,1021,68,9,6,2,1,0,0,0,0,0,0,0,8071321,0
1645090992008,udp--1.eth2-01.sta01004-A,1.1.15.44.1,udp--1.eth2-01.sta01004,true,0,0,7982508,8054973,0,0,20626,0,30361472,10,0,0,0,0,0,0,0,0,1,0,4294967295,0,0,0,INCREASING,1472,1472,0,0,30,0,172.16.0.1:33374,172.16.3.202:33373,0,1.947,139,1,6945,6944,5018,1040,196,151,151,174,7,0,0,0,0,0,0,0,0,0.0,0,1,0,0,0,0,0,0,0,0,0,0,0,0,0,0,0,0,1,1.111,2,1,9,0,0,0,0,0,0,0,0,0,0,0,0,0,0,0,1000,0,1,20626,0,31227764,0,0,40,0,1.445,140,1,11091,4538,3848,1061,70,9,6,2,1,0,0,0,0,0,0,0,8053264,0
1645090993060,udp--1.eth2-01.sta01004-A,1.1.15.44.1,udp--1.eth2-01.sta01004,true,0,0,7985459,8064128,0,0,21347,0,31422784,10,0,0,0,0,0,0,0,0,1,0,4294967295,0,0,0,INCREASING,1472,1472,0,0,31,0,172.16.0.1:33374,172.16.3.202:33373,0,1.931,139,1,7203,7228,5177,1060,196,151,151,174,7,0,0,0,0,0,0,0,0,0.0,0,1,0,0,0,0,0,0,0,0,0,0,0,0,0,0,0,0,1,1.111,2,1,9,0,0,0,0,0,0,0,0,0,0,0,0,0,0,0,1000,0,1,21347,0,32319358,0,0,40,0,1.441,140,1,11458,4715,3990,1096,70,9,6,2,1,0,0,0,0,0,0,0,8078492,0
1645090994139,udp--1.eth2-01.sta01004-A,1.1.15.44.1,udp--1.eth2-01.sta01004,true,0,0,7983587,8052269,0,0,22083,0,32506176,10,0,0,0,0,0,0,0,0,1,0,4294967295,0,0,0,INCREASING,1472,1472,0,0,32,0,172.16.0.1:33374,172.16.3.202:33373,0,2.157,139,1,7448,7468,5336,1088,207,166,174,189,7,0,0,0,0,0,0,0,0,0.0,0,1,0,0,0,0,0,0,0,0,0,0,0,0,0,0,0,0,1,1.111,2,1,9,0,0,0,0,0,0,0,0,0,0,0,0,0,0,0,1000,0,1,22083,0,33433662,0,0,40,0,1.456,140,1,11871,4873,4123,1124,73,9,6,3,1,0,0,0,0,0,0,0,8025125,0
1645090995180,udp--1.eth2-01.sta01004-A,1.1.15.44.1,udp--1.eth2-01.sta01004,true,0,0,7978396,8068738,0,0,22799,0,33560128,10,0,0,0,0,0,0,0,0,1,0,4294967295,0,0,0,INCREASING,1472,1472,0,0,33,0,172.16.0.1:33374,172.16.3.202:33373,0,1.931,139,1,7724,7712,5510,1110,207,166,174,189,7,0,0,0,0,0,0,0,0,0.0,0,1,0,0,0,0,0,0,0,0,0,0,0,0,0,0,0,0,1,1.111,2,1,9,0,0,0,0,0,0,0,0,0,0,0,0,0,0,0,1000,0,0,22799,0,34517686,0,0,40,0,1.448,140,1,12232,5062,4254,1159,73,9,6,3,1,0,0,0,0,0,0,0,8099535,0
1645090996222,udp--1.eth2-01.sta01004-A,1.1.15.44.1,udp--1.eth2-01.sta01004,true,0,0,7967124,8063272,113,0,23511,0,34608192,10,0,0,0,0,0,0,0,0,1,0,4294967295,0,0,0,INCREASING,1472,1472,0,0,34,0,172.16.0.1:33374,172.16.3.202:33373,0,2.168,139,1,7967,7958,5695,1144,211,166,174,189,7,0,0,0,0,0,0,0,0,0.0,0,1,0,0,0,0,0,0,0,0,0,0,0,0,0,0,0,0,1,1.111,2,1,9,0,0,0,0,0,0,0,0,0,0,0,0,0,0,0,1000,0,1,23511,0,35595654,0,26,40,0,1.453,140,1,12622,5215,4375,1204,76,9,6,3,1,0,0,0,0,0,0,0,8054286,0
1645090997316,udp--1.eth2-01.sta01004-A,1.1.15.44.1,udp--1.eth2-01.sta01004,true,0,0,7979051,8060386,0,0,24259,0,35709248,10,0,0,0,0,0,0,0,0,1,0,4294967295,0,0,0,INCREASING,1472,1472,0,0,35,0,172.16.0.1:33374,172.16.3.202:33373,0,2.011,139,1,8228,8233,5865,1173,218,172,174,189,7,0,0,0,0,0,0,0,0,0.0,0,1,0,0,0,0,0,0,0,0,0,0,0,0,0,0,0,0,1,1.111,2,1,9,0,0,0,0,0,0,0,0,0,0,0,0,0,0,0,1000,0,0,24259,0,36728126,0,0,40,0,1.457,140,1,13021,5388,4510,1243,77,10,6,3,1,0,0,0,0,0,0,0,8044244,0
1645090998383,udp--1.eth2-01.sta01004-A,1.1.15.44.1,udp--1.eth2-01.sta01004,true,0,0,7996148,8065752,0,0,24990,0,36785280,10,0,0,0,0,0,0,0,0,1,0,4294967295,0,0,0,INCREASING,1472,1472,0,0,36,0,172.16.0.1:33374,172.16.3.202:33373,0,2.005,139,1,8489,8500,6028,1204,227,172,174,189,7,0,0,0,0,0,0,0,0,0.0,0,1,0,0,0,0,0,0,0,0,0,0,0,0,0,0,0,0,1,1.111,2,1,9,0,0,0,0,0,0,0,0,0,0,0,0,0,0,0,1000,0,1,24990,0,37834860,0,0,40,0,1.467,140,1,13397,5572,4652,1266,83,10,6,3,1,0,0,0,0,0,0,0,8067718,0
1645090999388,udp--1.eth2-01.sta01004-A,1.1.15.44.1,udp--1.eth2-01.sta01004,true,0,0,7997887,8062880,0,0,25678,0,37798016,10,0,0,0,0,0,0,0,0,1,0,4294967295,0,0,0,INCREASING,1472,1472,0,0,37,0,172.16.0.1:33374,172.16.3.202:33373,0,1.946,139,1,8745,8750,6185,1229,227,172,174,189,7,0,0,0,0,0,0,0,0,0.0,0,1,0,0,0,0,0,0,0,0,0,0,0,0,0,0,0,0,1,1.111,2,1,9,0,0,0,0,0,0,0,0,0,0,0,0,0,0,0,1000,0,1,25678,0,38876492,0,0,40,0,1.457,140,1,13739,5775,4760,1301,83,10,6,3,1,0,0,0,0,0,0,0,8061580,0
1645091000429,udp--1.eth2-01.sta01004-A,1.1.15.44.1,udp--1.eth2-01.sta01004,true,0,0,7999095,8056229,0,0,26389,0,38844608,10,0,0,0,0,0,0,0,0,1,0,4294967295,0,0,0,INCREASING,1472,1472,0,0,38,0,172.16.0.1:33374,172.16.3.202:33373,0,2.2,139,1,8989,9010,6362,1242,232,183,175,189,7,0,0,0,0,0,0,0,0,0.0,0,1,0,0,0,0,0,0,0,0,0,0,0,0,0,0,0,0,1,1.111,2,1,9,0,0,0,0,0,0,0,0,0,0,0,0,0,0,0,1000,0,1,26389,0,39952946,0,0,40,0,1.446,140,1,14093,5965,4896,1331,83,11,6,3,1,0,0,0,0,0,0,0,8050707,0
1645091001480,udp--1.eth2-01.sta01004-A,1.1.15.44.1,udp--1.eth2-01.sta01004,true,0,0,8000301,8048914,0,0,27107,0,39901504,10,0,0,0,0,0,0,0,0,1,0,4294967295,0,0,0,INCREASING,1472,1472,0,0,39,0,172.16.0.1:33374,172.16.3.202:33373,0,2.765,139,1,9184,9218,6532,1307,251,198,198,212,7,0,0,0,0,0,0,0,0,0.0,0,1,0,0,0,0,0,0,0,0,0,0,0,0,0,0,0,0,1,1.111,2,1,9,0,0,0,0,0,0,0,0,0,0,0,0,0,0,0,1000,0,1,27107,0,41039998,0,0,40,0,1.461,140,1,14513,6109,5007,1367,88,12,6,4,1,0,0,0,0,0,0,0,8037231,0
1645091002534,udp--1.eth2-01.sta01004-A,1.1.15.44.1,udp--1.eth2-01.sta01004,true,0,0,7994868,8065805,0,0,27832,0,40968704,10,0,0,0,0,0,0,0,0,1,0,4294967295,0,0,0,INCREASING,1472,1472,0,0,40,0,172.16.0.1:33374,172.16.3.202:33373,0,3.359,139,1,9396,9452,6730,1375,262,200,198,212,7,0,0,0,0,0,0,0,0,0.0,0,1,0,0,0,0,0,0,0,0,0,0,0,0,0,0,0,0,1,1.111,2,1,9,0,0,0,0,0,0,0,0,0,0,0,0,0,0,0,1000,0,1,27832,0,42137648,0,0,40,0,1.433,140,1,14917,6241,5147,1412,91,13,6,4,1,0,0,0,0,0,0,0,8100189,0
1645091003636,udp--1.eth2-01.sta01004-A,1.1.15.44.1,udp--1.eth2-01.sta01004,true,0,0,8000937,8262066,0,0,28574,0,42060928,10,0,0,0,0,0,0,0,0,1,0,4294967295,0,0,0,INCREASING,1472,1472,0,0,42,0,172.16.0.1:33374,172.16.3.202:33373,0,1.967,139,1,9644,9710,6928,1410,265,200,198,212,7,0,0,0,0,0,0,0,0,0.0,0,1,0,0,0,0,0,0,0,0,0,0,0,0,0,0,0,0,1,1.111,2,1,9,0,0,0,0,0,0,0,0,0,0,0,0,0,0,0,1000,0,1,28574,0,43261036,0,0,40,0,1.479,140,1,15310,6408,5276,1462,94,13,6,4,1,0,0,0,0,0,0,0,7929030,0
1645091004670,udp--1.eth2-01.sta01004-A,1.1.15.44.1,udp--1.eth2-01.sta01004,true,0,0,7996642,7970533,0,0,29271,0,43086912,10,0,0,0,0,0,0,0,0,1,0,4294967295,0,0,0,INCREASING,1472,1472,0,0,43,0,172.16.0.1:33374,172.16.3.202:33373,0,2.032,139,1,9869,9935,7118,1457,274,201,198,212,7,0,0,0,0,0,0,0,0,0.0,0,1,0,0,0,0,0,0,0,0,0,0,0,0,0,0,0,0,1,1.111,2,1,9,0,0,0,0,0,0,0,0,0,0,0,0,0,0,0,1000,0,1,29271,0,44316294,0,0,40,0,1.458,140,1,15687,6555,5400,1509,96,13,6,4,1,0,0,0,0,0,0,0,7937980,0
1645091005688,udp--1.eth2-01.sta01004-A,1.1.15.44.1,udp--1.eth2-01.sta01004,true,0,0,7998485,7939008,0,0,29959,0,44099648,10,0,0,0,0,0,0,0,0,1,0,4294967295,0,0,0,INCREASING,1472,1472,0,0,44,0,172.16.0.1:33374,172.16.3.202:33373,0,1.954,139,1,10102,10179,7293,1491,276,201,198,212,7,0,0,0,0,0,0,0,0,0.0,0,1,0,0,0,0,0,0,0,0,0,0,0,0,0,0,0,0,1,1.111,2,1,9,0,0,0,0,0,0,0,0,0,0,0,0,0,0,0,1000,0,1,29959,0,45357926,0,0,40,0,1.471,140,1,16045,6724,5516,1553,97,13,6,4,1,0,0,0,0,0,0,0,7966458,0
1645091006781,udp--1.eth2-01.sta01004-A,1.1.15.44.1,udp--1.eth2-01.sta01004,true,0,0,7994624,7925472,0,0,30692,0,45178624,10,0,0,0,0,0,0,0,0,1,0,4294967295,0,0,0,INCREASING,1472,1472,0,0,45,0,172.16.0.1:33374,172.16.3.202:33373,0,2.319,139,1,10352,10443,7485,1514,280,201,198,212,7,0,0,0,0,0,0,0,0,0.0,0,1,0,0,0,0,0,0,0,0,0,0,0,0,0,0,0,0,1,1.111,2,1,9,0,0,0,0,0,0,0,0,0,0,0,0,0,0,0,1000,0,1,30692,0,46467688,0,0,40,0,1.468,140,1,16434,6883,5658,1592,101,13,6,4,1,0,0,0,0,0,0,0,7890135,0
1645091007790,udp--1.eth2-01.sta01004-A,1.1.15.44.1,udp--1.eth2-01.sta01004,true,0,0,7994989,7929725,0,0,31373,0,46181056,10,0,0,0,0,0,0,0,0,1,0,4294967295,0,0,0,INCREASING,1472,1472,0,0,46,0,172.16.0.1:33374,172.16.3.202:33373,0,2.749,139,1,10577,10671,7651,1542,297,217,199,212,7,0,0,0,0,0,0,0,0,0.0,0,1,0,0,0,0,0,0,0,0,0,0,0,0,0,0,0,0,1,1.111,2,1,9,0,0,0,0,0,0,0,0,0,0,0,0,0,0,0,1000,0,1,31373,0,47498722,0,0,40,0,1.469,140,1,16791,7043,5792,1619,102,14,7,4,1,0,0,0,0,0,0,0,7955809,0
1645091008890,udp--1.eth2-01.sta01004-A,1.1.15.44.1,udp--1.eth2-01.sta01004,true,0,0,7993541,7933930,0,0,32114,0,47271808,10,0,0,0,0,0,0,0,0,1,0,4294967295,0,0,0,INCREASING,1472,1472,0,0,47,0,172.16.0.1:33374,172.16.3.202:33373,0,2.224,177,1,10795,10864,7815,1577,312,232,222,256,41,0,0,0,0,0,0,0,0,0.0,0,1,0,0,0,0,0,0,0,0,0,0,0,0,0,0,0,0,1,1.111,2,1,9,0,0,0,0,0,0,0,0,0,0,0,0,0,0,0,1000,0,1,32114,0,48620596,0,0,40,0,1.474,178,1,17253,7162,5916,1651,104,15,7,4,2,0,0,0,0,0,0,0,7925536,0
1645091009914,udp--1.eth2-01.sta01004-A,1.1.15.44.1,udp--1.eth2-01.sta01004,true,0,0,7976874,7931178,0,0,32803,0,48286016,10,0,0,0,0,0,0,0,0,1,0,4294967295,0,0,0,INCREASING,1472,1472,0,0,48,0,172.16.0.1:33374,172.16.3.202:33373,0,2.413,177,1,11032,11112,7982,1609,317,232,222,256,41,0,0,0,0,0,0,0,0,0.0,0,1,0,0,0,0,0,0,0,0,0,0,0,0,0,0,0,0,1,1.111,2,1,9,0,0,0,0,0,0,0,0,0,0,0,0,0,0,0,1000,0,1,32803,0,49663742,0,0,40,0,1.47,178,1,17625,7307,6051,1687,105,15,7,4,2,0,0,0,0,0,0,0,7923500,0
1645091010969,udp--1.eth2-01.sta01004-A,1.1.15.44.1,udp--1.eth2-01.sta01004,true,0,0,7984076,7929725,0,0,33514,0,49332608,10,0,0,0,0,0,0,0,0,1,0,4294967295,0,0,0,INCREASING,1472,1472,0,0,49,0,172.16.0.1:33374,172.16.3.202:33373,0,2.005,177,1,11299,11373,8151,1620,320,232,222,256,41,0,0,0,0,0,0,0,0,0.0,0,1,0,0,0,0,0,0,0,0,0,0,0,0,0,0,0,0,1,1.111,2,1,9,0,0,0,0,0,0,0,0,0,0,0,0,0,0,0,1000,0,0,33514,0,50740196,0,0,40,0,1.481,178,1,17980,7492,6193,1715,106,15,7,4,2,0,0,0,0,0,0,0,7936242,0
1645091012011,udp--1.eth2-01.sta01004-A,1.1.15.44.1,udp--1.eth2-01.sta01004,true,0,0,7989289,7927296,0,0,34215,0,50364480,10,0,0,0,0,0,0,0,0,1,0,4294967295,0,0,0,INCREASING,1472,1472,0,0,50,0,172.16.0.1:33374,172.16.3.202:33373,0,2.281,177,1,11544,11633,8302,1663,322,232,222,256,41,0,0,0,0,0,0,0,0,0.0,0,1,0,0,0,0,0,0,0,0,0,0,0,0,0,0,0,0,1,1.111,2,1,9,0,0,0,0,0,0,0,0,0,0,0,0,0,0,0,1000,0,1,34215,0,51801510,0,0,40,0,1.472,178,1,18356,7651,6317,1754,109,15,7,4,2,0,0,0,0,0,0,0,7922241,0
1645091013077,udp--1.eth2-01.sta01004-A,1.1.15.44.1,udp--1.eth2-01.sta01004,true,0,0,7983128,7943968,0,0,34935,0,51424320,10,0,0,0,0,0,0,0,0,1,0,4294967295,0,0,0,INCREASING,1472,1472,0,0,51,0,172.16.0.1:33374,172.16.3.202:33373,0,2.112,177,1,11780,11902,8489,1687,326,232,222,256,41,0,0,0,0,0,0,0,0,0.0,0,1,0,0,0,0,0,0,0,0,0,0,0,0,0,0,0,0,1,1.111,2,1,9,0,0,0,0,0,0,0,0,0,0,0,0,0,0,0,1000,0,0,34935,0,52891590,0,0,40,0,1.481,178,1,18724,7824,6459,1787,113,15,7,4,2,0,0,0,0,0,0,0,7953771,0
1645091014179,udp--1.eth2-01.sta01004-A,1.1.15.44.1,udp--1.eth2-01.sta01004,true,0,0,7974103,7949490,0,0,35681,0,52522432,10,0,0,0,0,0,0,0,0,1,0,4294967295,0,0,0,INCREASING,1472,1472,0,0,52,0,172.16.0.1:33374,172.16.3.202:33373,0,1.884,177,1,12062,12148,8667,1722,331,232,222,256,41,0,0,0,0,0,0,0,0,0.0,0,1,0,0,0,0,0,0,0,0,0,0,0,0,0,0,0,0,1,1.111,2,1,9,0,0,0,0,0,0,0,0,0,0,0,0,0,0,0,1000,0,0,35681,0,54021034,0,0,40,0,1.461,178,1,19121,8004,6578,1836,114,15,7,4,2,0,0,0,0,0,0,0,7971774,0
1645091015179,udp--1.eth2-01.sta01004-A,1.1.15.44.1,udp--1.eth2-01.sta01004,true,0,0,7974283,7981992,0,0,36361,0,53523392,13,0,0,0,0,0,0,0,0,1,0,4294967295,0,0,0,INCREASING,1472,1472,0,0,53,0,172.16.0.1:33374,172.16.3.202:33373,0,29.312,177,1,12248,12338,8811,1746,344,254,268,311,41,0,0,0,0,0,0,0,0,0.0,0,1,0,0,0,0,0,0,0,0,0,0,0,0,0,0,0,0,1,1.083,2,1,12,0,0,0,0,0,0,0,0,0,0,0,0,0,0,0,1000,0,1,36361,0,55050554,0,0,40,0,1.2,178,1,19543,8123,6686,1862,115,16,9,5,2,0,0,0,0,0,0,0,8007680,0
1645091016185,udp--1.eth2-01.sta01004-A,1.1.15.44.1,udp--1.eth2-01.sta01004,true,0,0,7975248,7995802,0,0,37044,0,54528768,13,0,0,0,0,0,0,0,0,1,0,4294967295,0,0,0,INCREASING,1472,1472,0,0,54,0,172.16.0.1:33374,172.16.3.202:33373,0,2.262,177,1,12444,12576,9018,1787,345,254,268,311,41,0,0,0,0,0,0,0,0,0.0,0,1,0,0,0,0,0,0,0,0,0,0,0,0,0,0,0,0,1,1.083,2,1,12,0,0,0,0,0,0,0,0,0,0,0,0,0,0,0,1000,0,1,37044,0,56084616,0,0,40,0,1.47,178,1,19922,8242,6824,1908,116,16,9,5,2,0,0,0,0,0,0,0,7995037,0
1645091017236,udp--1.eth2-01.sta01004-A,1.1.15.44.1,udp--1.eth2-01.sta01004,true,0,0,7982807,7997074,0,0,37757,0,55578304,13,0,0,0,0,0,0,0,0,1,0,4294967295,0,0,0,INCREASING,1472,1472,0,0,55,0,172.16.0.1:33374,172.16.3.202:33373,0,2.236,177,1,12673,12798,9229,1832,351,254,268,311,41,0,0,0,0,0,0,0,0,0.0,0,1,0,0,0,0,0,0,0,0,0,0,0,0,0,0,0,0,1,1.083,2,1,12,0,0,0,0,0,0,0,0,0,0,0,0,0,0,0,1000,0,1,37757,0,57164098,0,0,40,0,1.459,178,1,20307,8390,6956,1953,119,16,9,5,2,0,0,0,0,0,0,0,7988856,0
1645091018242,udp--1.eth2-01.sta01004-A,1.1.15.44.1,udp--1.eth2-01.sta01004,true,0,0,7971162,7980592,76,0,38435,0,56576320,13,0,0,0,0,0,0,0,0,1,0,4294967295,0,0,0,INCREASING,1472,1472,0,0,56,0,172.16.0.1:33374,172.16.3.202:33373,0,2.477,177,1,12874,13012,9427,1893,355,254,268,311,41,0,0,0,0,0,0,0,0,0.0,0,1,0,0,0,0,0,0,0,0,0,0,0,0,0,0,0,0,1,1.083,2,1,12,0,0,0,0,0,0,0,0,0,0,0,0,0,0,0,1000,0,1,38435,0,58190590,0,29,40,0,1.465,178,1,20689,8514,7075,2002,123,16,9,5,2,0,0,0,0,0,0,0,7944405,0
1645091019330,udp--1.eth2-01.sta01004-A,1.1.15.44.1,udp--1.eth2-01.sta01004,true,0,0,7982115,7953754,0,0,39167,0,57653824,13,0,0,0,0,0,0,0,0,1,0,4294967295,0,0,0,INCREASING,1472,1472,0,0,57,0,172.16.0.1:33374,172.16.3.202:33373,0,2.111,177,1,13125,13265,9608,1935,360,254,268,311,41,0,0,0,0,0,0,0,0,0.0,0,1,0,0,0,0,0,0,0,0,0,0,0,0,0,0,0,0,1,1.083,2,1,12,0,0,0,0,0,0,0,0,0,0,0,0,0,0,0,1000,0,1,39167,0,59298838,0,0,40,0,1.479,178,1,21069,8683,7212,2046,125,16,9,5,2,0,0,0,0,0,0,0,7915548,0
1645091020365,udp--1.eth2-01.sta01004-A,1.1.15.44.1,udp--1.eth2-01.sta01004,true,0,0,7986285,7945346,0,0,39867,0,58684224,13,0,0,0,0,0,0,0,0,1,0,4294967295,0,0,0,INCREASING,1472,1472,0,0,58,0,172.16.0.1:33374,172.16.3.202:33373,0,1.987,177,1,13364,13488,9798,1972,371,254,268,311,41,0,0,0,0,0,0,0,0,0.0,0,1,0,0,0,0,0,0,0,0,0,0,0,0,0,0,0,0,1,1.083,2,1,12,0,0,0,0,0,0,0,0,0,0,0,0,0,0,0,1000,0,0,39867,0,60358638,0,0,40,0,1.475,178,1,21446,8828,7345,2088,128,16,9,5,2,0,0,0,0,0,0,0,7964444,0
1645091021408,udp--1.eth2-01.sta01004-A,1.1.15.44.1,udp--1.eth2-01.sta01004,true,0,0,7984642,7931096,0,0,40566,0,59713152,13,0,0,0,0,0,0,0,0,1,0,4294967295,0,0,0,INCREASING,1472,1472,0,0,59,0,172.16.0.1:33374,172.16.3.202:33373,0,2.663,177,1,13571,13707,10001,2030,378,259,268,311,41,0,0,0,0,0,0,0,0,0.0,0,1,0,0,0,0,0,0,0,0,0,0,0,0,0,0,0,0,1,1.083,2,1,12,0,0,0,0,0,0,0,0,0,0,0,0,0,0,0,1000,0,1,40566,0,61416924,0,0,40,0,1.477,178,1,21837,8959,7468,2138,131,17,9,5,2,0,0,0,0,0,0,0,7899639,0
1645091022416,udp--1.eth2-01.sta01004-A,1.1.15.44.1,udp--1.eth2-01.sta01004,true,0,0,7984358,7939757,0,0,41248,0,60717056,13,0,0,0,0,0,0,0,0,1,0,4294967295,0,0,0,INCREASING,1472,1472,0,0,60,0,172.16.0.1:33374,172.16.3.202:33373,0,6.515,177,1,13762,13889,10163,2075,396,279,291,352,41,0,0,0,0,0,0,0,0,0.0,0,1,0,0,0,0,0,0,0,0,0,0,0,0,0,0,0,0,1,1.083,2,1,12,0,0,0,0,0,0,0,0,0,0,0,0,0,0,0,1000,0,1,41248,0,62449472,0,0,40,0,1.44,178,1,22243,9096,7565,2176,132,19,9,6,2,0,0,0,0,0,0,0,7959595,0
1645091023443,udp--1.eth2-01.sta01004-A,1.1.15.44.1,udp--1.eth2-01.sta01004,true,0,0,7983725,7937808,0,0,41941,0,61737152,13,0,0,0,0,0,0,0,0,1,0,4294967295,0,0,0,INCREASING,1472,1472,0,0,61,0,172.16.0.1:33374,172.16.3.202:33373,0,1.93,177,1,13991,14144,10335,2110,398,279,291,352,41,0,0,0,0,0,0,0,0,0.0,0,1,0,0,0,0,0,0,0,0,0,0,0,0,0,0,0,0,1,1.083,2,1,12,0,0,0,0,0,0,0,0,0,0,0,0,0,0,0,1000,0,0,41941,0,63498674,0,0,40,0,1.473,178,1,22603,9263,7690,2215,134,19,9,6,2,0,0,0,0,0,0,0,7946220,0
1645091024488,udp--1.eth2-01.sta01004-A,1.1.15.44.1,udp--1.eth2-01.sta01004,true,0,0,7982700,7930533,0,0,42644,0,62771968,13,0,0,0,0,0,0,0,0,1,0,4294967295,0,0,0,INCREASING,1472,1472,0,0,62,0,172.16.0.1:33374,172.16.3.202:33373,0,2.183,177,1,14238,14396,10506,2138,403,279,291,352,41,0,0,0,0,0,0,0,0,0.0,0,1,0,0,0,0,0,0,0,0,0,0,0,0,0,0,0,0,1,1.083,2,1,12,0,0,0,0,0,0,0,0,0,0,0,0,0,0,0,1000,0,1,42644,0,64563016,0,0,40,0,1.48,178,1,22959,9434,7833,2247,135,19,9,6,2,0,0,0,0,0,0,0,7922036,0
1645091025489,udp--1.eth2-01.sta01004-A,1.1.15.44.1,udp--1.eth2-01.sta01004,true,0,0,7981861,7933677,0,0,43318,0,63764096,13,0,0,0,0,0,0,0,0,1,0,4294967295,0,0,0,INCREASING,1472,1472,0,0,63,0,172.16.0.1:33374,172.16.3.202:33373,0,1.961,177,1,14475,14655,10661,2161,403,279,291,352,41,0,0,0,0,0,0,0,0,0.0,0,1,0,0,0,0,0,0,0,0,0,0,0,0,0,0,0,0,1,1.083,2,1,12,0,0,0,0,0,0,0,0,0,0,0,0,0,0,0,1000,0,1,43318,0,65583452,0,0,40,0,1.482,178,1,23284,9624,7964,2275,135,19,9,6,2,0,0,0,0,0,0,0,7929094,0
1645091026592,udp--1.eth2-01.sta01004-A,1.1.15.44.1,udp--1.eth2-01.sta01004,true,0,0,7981386,7940477,0,0,44063,0,64860736,13,0,0,0,0,0,0,0,0,1,0,4294967295,0,0,0,INCREASING,1472,1472,0,0,65,0,172.16.0.1:33374,172.16.3.202:33373,0,2.141,177,1,14737,14924,10840,2192,407,279,291,352,41,0,0,0,0,0,0,0,0,0.0,0,1,0,0,0,0,0,0,0,0,0,0,0,0,0,0,0,0,1,1.083,2,1,12,0,0,0,0,0,0,0,0,0,0,0,0,0,0,0,1000,0,1,44063,0,66711382,0,0,40,0,1.477,178,1,23680,9791,8108,2310,138,19,9,6,2,0,0,0,0,0,0,0,7953871,0
1645091027596,udp--1.eth2-01.sta01004-A,1.1.15.44.1,udp--1.eth2-01.sta01004,true,0,0,7980587,7941402,0,0,44739,0,65855808,13,0,0,0,0,0,0,0,0,1,0,4294967295,0,0,0,INCREASING,1472,1472,0,0,66,0,172.16.0.1:33374,172.16.3.202:33373,0,2.075,177,1,14994,15145,11004,2219,413,280,291,352,41,0,0,0,0,0,0,0,0,0.0,0,1,0,0,0,0,0,0,0,0,0,0,0,0,0,0,0,0,1,1.083,2,1,12,0,0,0,0,0,0,0,0,0,0,0,0,0,0,0,1000,0,1,44739,0,67734846,0,0,40,0,1.488,178,1,24028,9953,8241,2341,139,20,9,6,2,0,0,0,0,0,0,0,7936765,0
1645091028659,udp--1.eth2-01.sta01004-A,1.1.15.44.1,udp--1.eth2-01.sta01004,true,0,0,7979697,7931816,0,0,45455,0,66909760,13,0,0,0,0,0,0,0,0,1,0,4294967295,0,0,0,INCREASING,1472,1472,0,0,67,0,172.16.0.1:33374,172.16.3.202:33373,0,2.056,177,1,15243,15379,11191,2258,420,280,291,352,41,0,0,0,0,0,0,0,0,0.0,0,1,0,0,0,0,0,0,0,0,0,0,0,0,0,0,0,0,1,1.083,2,1,12,0,0,0,0,0,0,0,0,0,0,0,0,0,0,0,1000,0,1,45455,0,68818870,0,0,40,0,1.475,178,1,24415,10109,8363,2389,142,20,9,6,2,0,0,0,0,0,0,0,7924451,0
1645091029665,udp--1.eth2-01.sta01004-A,1.1.15.44.1,udp--1.eth2-01.sta01004,true,0,0,7979349,7941402,0,0,46134,0,67909248,13,0,0,0,0,0,0,0,0,1,0,4294967295,0,0,0,INCREASING,1472,1472,0,0,68,0,172.16.0.1:33374,172.16.3.202:33373,0,3.453,177,1,15465,15579,11347,2296,428,291,313,374,41,0,0,0,0,0,0,0,0,0.0,0,1,0,0,0,0,0,0,0,0,0,0,0,0,0,0,0,0,1,1.083,2,1,12,0,0,0,0,0,0,0,0,0,0,0,0,0,0,0,1000,0,1,46134,0,69846876,0,0,40,0,1.457,178,1,24799,10254,8476,2422,145,20,9,7,2,0,0,0,0,0,0,0,7948214,0
1645091030734,udp--1.eth2-01.sta01004-A,1.1.15.44.1,udp--1.eth2-01.sta01004,true,0,0,7978493,7933845,0,0,46854,0,68969088,13,0,0,0,0,0,0,0,0,1,0,4294967295,0,0,0,INCREASING,1472,1472,0,0,69,0,172.16.0.1:33374,172.16.3.202:33373,0,2.299,177,1,15694,15821,11553,2333,434,291,313,374,41,0,0,0,0,0,0,0,0,0.0,0,1,0,0,0,0,0,0,0,0,0,0,0,0,0,0,0,0,1,1.083,2,1,12,0,0,0,0,0,0,0,0,0,0,0,0,0,0,0,1000,0,1,46854,0,70936956,0,0,40,0,1.466,178,1,25181,10406,8614,2468,147,20,9,7,2,0,0,0,0,0,0,0,7938876,0
1645091031741,udp--1.eth2-01.sta01004-A,1.1.15.44.1,udp--1.eth2-01.sta01004,true,0,0,7977891,7933346,0,0,47532,0,69967104,13,0,0,0,0,0,0,0,0,1,0,4294967295,0,0,0,INCREASING,1472,1472,0,0,70,0,172.16.0.1:33374,172.16.3.202:33373,0,3.273,177,1,15882,16021,11761,2397,445,298,313,374,41,0,0,0,0,0,0,0,0,0.0,0,1,0,0,0,0,0,0,0,0,0,0,0,0,0,0,0,0,1,1.083,2,1,12,0,0,0,0,0,0,0,0,0,0,0,0,0,0,0,1000,0,1,47532,0,71963448,0,0,40,0,1.467,178,1,25563,10531,8731,2518,150,21,9,7,2,0,0,0,0,0,0,0,7920761,0
1645091032834,udp--1.eth2-01.sta01004-A,1.1.15.44.1,udp--1.eth2-01.sta01004,true,0,0,7977151,7931178,0,0,48268,0,71050496,13,0,0,0,0,0,0,0,0,1,0,4294967295,0,0,0,INCREASING,1472,1472,0,0,71,0,172.16.0.1:33374,172.16.3.202:33373,0,2.366,177,1,16084,16241,11990,2480,447,298,313,374,41,0,0,0,0,0,0,0,0,0.0,0,1,0,0,0,0,0,0,0,0,0,0,0,0,0,0,0,0,1,1.083,2,1,12,0,0,0,0,0,0,0,0,0,0,0,0,0,0,0,1000,0,0,48268,0,73077752,0,0,40,0,1.466,178,1,25981,10656,8865,2575,152,21,9,7,2,0,0,0,0,0,0,0,7929676,0
1645091033837,udp--1.eth2-01.sta01004-A,1.1.15.44.1,udp--1.eth2-01.sta01004,true,0,0,7976917,7936085,0,0,48946,0,72048512,13,0,0,0,0,0,0,0,0,1,0,4294967295,0,0,0,INCREASING,1472,1472,0,0,72,0,172.16.0.1:33374,172.16.3.202:33373,0,2.709,177,1,16270,16448,12176,2565,461,298,313,374,41,0,0,0,0,0,0,0,0,0.0,0,1,0,0,0,0,0,0,0,0,0,0,0,0,0,0,0,0,1,1.083,2,1,12,0,0,0,0,0,0,0,0,0,0,0,0,0,0,0,1000,0,1,48946,0,74104244,0,0,40,0,1.474,178,1,26363,10785,8975,2624,160,21,9,7,2,0,0,0,0,0,0,0,7960247,0
1645091034855,udp--1.eth2-01.sta01004-A,1.1.15.44.1,udp--1.eth2-01.sta01004,true,0,0,7976180,7933512,0,0,49631,0,73056832,13,0,0,0,0,0,0,0,0,1,0,4294967295,0,0,0,INCREASING,1472,1472,0,0,73,0,172.16.0.1:33374,172.16.3.202:33373,0,2.157,177,1,16476,16670,12366,2626,467,298,313,374,41,0,0,0,0,0,0,0,0,0.0,0,1,0,0,0,0,0,0,0,0,0,0,0,0,0,0,0,0,1,1.083,2,1,12,0,0,0,0,0,0,0,0,0,0,0,0,0,0,0,1000,0,1,49631,0,75141334,0,0,40,0,1.476,178,1,26744,10904,9115,2666,163,21,9,7,2,0,0,0,0,0,0,0,7923929,0
1645091035955,udp--1.eth2-01.sta01004-A,1.1.15.44.1,udp--1.eth2-01.sta01004,true,0,0,7964656,7770178,0,0,50331,0,74087232,14,0,0,0,0,0,0,0,0,1,0,4294967295,0,0,0,INCREASING,1472,1472,0,0,74,0,172.16.0.1:33374,172.16.3.202:33373,0,5.473,177,1,16678,16868,12555,2673,476,309,335,396,41,0,0,0,0,0,0,0,0,0.0,0,1,0,0,0,0,0,0,0,0,0,0,0,0,0,0,0,0,1,1.076,2,1,13,0,0,0,0,0,0,0,0,0,0,0,0,0,0,0,1000,0,1,50331,0,76201134,0,0,40,0,1.441,178,1,27171,11011,9222,2721,166,21,9,8,2,0,0,0,0,0,0,0,7493818,0
1645091037059,udp--1.eth2-01.sta01004-A,1.1.15.44.1,udp--1.eth2-01.sta01004,true,0,0,7972429,7931816,0,0,51114,0,75239808,16,0,0,0,0,0,0,0,0,1,0,4294967295,0,0,0,INCREASING,1472,1472,0,0,75,0,172.16.0.1:33374,172.16.3.202:33373,0,2.057,177,1,16884,17063,12705,2716,495,347,402,461,41,0,0,0,0,0,0,0,0,0.0,0,1,0,0,0,0,0,0,0,0,0,0,0,0,0,0,0,0,1,1.066,2,1,15,0,0,0,0,0,0,0,0,0,0,0,0,0,0,0,1000,0,0,51114,0,77386596,0,0,40,0,1.469,178,1,27668,11151,9333,2749,170,21,9,11,2,0,0,0,0,0,0,0,8352000,0
1645091038185,udp--1.eth2-01.sta01004-A,1.1.15.44.1,udp--1.eth2-01.sta01004,true,0,0,7965372,7921677,0,0,51873,0,76357056,16,0,0,0,0,0,0,0,0,1,0,4294967295,0,0,0,INCREASING,1472,1472,0,0,76,0,172.16.0.1:33374,172.16.3.202:33373,0,2.074,177,1,17164,17344,12882,2734,498,347,402,461,41,0,0,0,0,0,0,0,0,0.0,0,1,0,0,0,0,0,0,0,0,0,0,0,0,0,0,0,0,1,1.066,2,1,15,0,0,0,0,0,0,0,0,0,0,0,0,0,0,0,1000,0,1,51873,0,78535722,0,0,40,0,1.476,178,1,28055,11332,9488,2783,172,21,9,11,2,0,0,0,0,0,0,0,7937818,0
1645091039190,udp--1.eth2-01.sta01004-A,1.1.15.44.1,udp--1.eth2-01.sta01004,true,0,0,7965154,8171829,0,0,52550,0,77353600,16,0,0,0,0,0,0,0,0,1,0,4294967295,0,0,0,INCREASING,1472,1472,0,0,77,0,172.16.0.1:33374,172.16.3.202:33373,0,2.096,177,1,17411,17584,13040,2766,498,347,402,461,41,0,0,0,0,0,0,0,0,0.0,0,1,0,0,0,0,0,0,0,0,0,0,0,0,0,0,0,0,1,1.066,2,1,15,0,0,0,0,0,0,0,0,0,0,0,0,0,0,0,1000,0,1,52550,0,79560700,0,0,40,0,1.473,178,1,28406,11494,9609,2826,172,21,9,11,2,0,0,0,0,0,0,0,7932688,0
1645091040275,udp--1.eth2-01.sta01004-A,1.1.15.44.1,udp--1.eth2-01.sta01004,true,0,0,7973172,7936429,0,0,53282,0,78431104,16,0,0,0,0,0,0,0,0,1,0,4294967295,0,0,0,INCREASING,1472,1472,0,0,78,0,172.16.0.1:33374,172.16.3.202:33373,0,1.98,177,1,17686,17856,13207,2783,499,347,402,461,41,0,0,0,0,0,0,0,0,0.0,0,1,0,0,0,0,0,0,0,0,0,0,0,0,0,0,0,0,1,1.066,2,1,15,0,0,0,0,0,0,0,0,0,0,0,0,0,0,0,1000,0,1,53282,0,80668948,0,0,40,0,1.474,178,1,28786,11664,9755,2861,173,21,9,11,2,0,0,0,0,0,0,0,7944729,0
1645091041277,udp--1.eth2-01.sta01004-A,1.1.15.44.1,udp--1.eth2-01.sta01004,true,0,0,7972519,7938741,0,0,53956,0,79423232,16,0,0,0,0,0,0,0,0,1,0,4294967295,0,0,0,INCREASING,1472,1472,0,0,79,0,172.16.0.1:33374,172.16.3.202:33373,0,2.005,177,1,17928,18114,13361,2802,500,347,402,461,41,0,0,0,0,0,0,0,0,0.0,0,1,0,0,0,0,0,0,0,0,0,0,0,0,0,0,0,0,1,1.066,2,1,15,0,0,0,0,0,0,0,0,0,0,0,0,0,0,0,1000,0,0,53956,0,81689384,0,0,40,0,1.478,178,1,29123,11838,9891,2887,174,21,9,11,2,0,0,0,0,0,0,0,7929094,0
1645091042282,udp--1.eth2-01.sta01004-A,1.1.15.44.1,udp--1.eth2-01.sta01004,true,0,0,7972460,7940477,0,0,54636,0,80424192,16,0,0,0,0,0,0,0,0,1,0,4294967295,0,0,0,INCREASING,1472,1472,0,0,80,0,172.16.0.1:33374,172.16.3.202:33373,0,2.026,177,1,18181,18355,13514,2835,500,347,402,461,41,0,0,0,0,0,0,0,0,0.0,0,1,0,0,0,0,0,0,0,0,0,0,0,0,0,0,0,0,1,1.066,2,1,15,0,0,0,0,0,0,0,0,0,0,0,0,0,0,0,1000,0,1,54636,0,82718904,0,0,40,0,1.465,178,1,29473,12007,10013,2924,176,21,9,11,2,0,0,0,0,0,0,0,7959920,0
1645091043309,udp--1.eth2-01.sta01004-A,1.1.15.44.1,udp--1.eth2-01.sta01004,true,0,0,7966913,7949490,0,0,55330,0,81445760,16,0,0,0,0,0,0,0,0,1,0,4294967295,0,0,0,INCREASING,1472,1472,0,0,81,0,172.16.0.1:33374,172.16.3.202:33373,0,2.04,177,1,18435,18591,13693,2859,501,347,402,461,41,0,0,0,0,0,0,0,0,0.0,0,1,0,0,0,0,0,0,0,0,0,0,0,0,0,0,0,0,1,1.066,2,1,15,0,0,0,0,0,0,0,0,0,0,0,0,0,0,0,1000,0,0,55330,0,83769620,0,0,40,0,1.472,178,1,29833,12177,10136,2963,178,21,9,11,2,0,0,0,0,0,0,0,7957686,0
1645091044318,udp--1.eth2-01.sta01004-A,1.1.15.44.1,udp--1.eth2-01.sta01004,true,0,0,7966874,7954101,0,0,56011,0,82448192,16,0,0,0,0,0,0,0,0,1,0,4294967295,0,0,0,INCREASING,1472,1472,0,0,82,0,172.16.0.1:33374,172.16.3.202:33373,0,2.144,177,1,18659,18805,13821,2889,514,363,425,494,41,0,0,0,0,0,0,0,0,0.0,0,1,0,0,0,0,0,0,0,0,0,0,0,0,0,0,0,0,1,1.066,2,1,15,0,0,0,0,0,0,0,0,0,0,0,0,0,0,0,1000,0,0,56011,0,84800654,0,0,40,0,1.464,178,1,30227,12324,10241,2992,181,23,9,12,2,0,0,0,0,0,0,0,7947924,0
1645091045373,udp--1.eth2-01.sta01004-A,1.1.15.44.1,udp--1.eth2-01.sta01004,true,0,0,7967865,7952365,0,0,56723,0,83496256,16,0,0,0,0,0,0,0,0,1,0,4294967295,0,0,0,INCREASING,1472,1472,0,0,83,0,172.16.0.1:33374,172.16.3.202:33373,0,1.955,177,1,18917,19055,13993,2921,514,363,425,494,41,0,0,0,0,0,0,0,0,0.0,0,1,0,0,0,0,0,0,0,0,0,0,0,0,0,0,0,0,1,1.066,2,1,15,0,0,0,0,0,0,0,0,0,0,0,0,0,0,0,1000,0,1,56723,0,85878622,0,0,40,0,1.468,178,1,30599,12486,10383,3028,181,23,9,12,2,0,0,0,0,0,0,0,7954944,0
1645091046414,udp--1.eth2-01.sta01004-A,1.1.15.44.1,udp--1.eth2-01.sta01004,true,0,0,7971294,7948994,0,0,57425,0,84529600,16,0,0,0,0,0,0,0,0,1,0,4294967295,0,0,0,INCREASING,1472,1472,0,0,84,0,172.16.0.1:33374,172.16.3.202:33373,0,1.885,177,1,19186,19289,14157,2955,515,363,425,494,41,0,0,0,0,0,0,0,0,0.0,0,1,0,0,0,0,0,0,0,0,0,0,0,0,0,0,0,0,1,1.066,2,1,15,0,0,0,0,0,0,0,0,0,0,0,0,0,0,0,1000,0,1,57425,0,86941450,0,0,40,0,1.478,178,1,30965,12654,10515,3062,183,23,9,12,2,0,0,0,0,0,0,0,7933543,0
1645091047515,udp--1.eth2-01.sta01004-A,1.1.15.44.1,udp--1.eth2-01.sta01004,true,0,0,7970752,7941402,0,0,58167,0,85621824,16,0,0,0,0,0,0,0,0,1,0,4294967295,0,0,0,INCREASING,1472,1472,0,0,85,0,172.16.0.1:33374,172.16.3.202:33373,0,1.945,177,1,19461,19561,14317,2987,518,363,425,494,41,0,0,0,0,0,0,0,0,0.0,0,1,0,0,0,0,0,0,0,0,0,0,0,0,0,0,0,0,1,1.066,2,1,15,0,0,0,0,0,0,0,0,0,0,0,0,0,0,0,1000,0,1,58167,0,88064838,0,0,40,0,1.465,178,1,31361,12820,10660,3094,186,23,9,12,2,0,0,0,0,0,0,0,7936232,0
1645091048515,udp--1.eth2-01.sta01004-A,1.1.15.44.1,udp--1.eth2-01.sta01004,true,0,0,7970679,7954205,0,0,58844,0,86618368,16,0,0,0,0,0,0,0,0,1,0,4294967295,0,0,0,INCREASING,1472,1472,0,0,86,0,172.16.0.1:33374,172.16.3.202:33373,0,2.221,177,1,19720,19786,14484,3012,519,363,425,494,41,0,0,0,0,0,0,0,0,0.0,0,1,0,0,0,0,0,0,0,0,0,0,0,0,0,0,0,0,1,1.066,2,1,15,0,0,0,0,0,0,0,0,0,0,0,0,0,0,0,1000,0,1,58844,0,89089816,0,0,40,0,1.472,178,1,31720,12981,10771,3138,188,23,9,12,2,0,0,0,0,0,0,0,7972352,0
1645091049522,udp--1.eth2-01.sta01004-A,1.1.15.44.1,udp--1.eth2-01.sta01004,true,0,0,7970556,7956008,0,0,59524,0,87619328,16,0,0,0,0,0,0,0,0,1,0,4294967295,0,0,0,INCREASING,1472,1472,0,0,87,0,172.16.0.1:33374,172.16.3.202:33373,0,2.244,177,1,19944,20044,14653,3041,519,363,425,494,41,0,0,0,0,0,0,0,0,0.0,0,1,0,0,0,0,0,0,0,0,0,0,0,0,0,0,0,0,1,1.066,2,1,15,0,0,0,0,0,0,0,0,0,0,0,0,0,0,0,1000,0,1,59524,0,90119336,0,0,40,0,1.459,178,1,32076,13142,10895,3177,188,23,9,12,2,0,0,0,0,0,0,0,7959920,0
1645091050524,udp--1.eth2-01.sta01004-A,1.1.15.44.1,udp--1.eth2-01.sta01004,true,0,0,7970354,7952928,0,0,60200,0,88614400,16,0,0,0,0,0,0,0,0,1,0,4294967295,0,0,0,INCREASING,1472,1472,0,0,88,0,172.16.0.1:33374,172.16.3.202:33373,0,1.901,177,1,20183,20311,14800,3063,520,363,425,494,41,0,0,0,0,0,0,0,0,0.0,0,1,0,0,0,0,0,0,0,0,0,0,0,0,0,0,0,0,1,1.066,2,1,15,0,0,0,0,0,0,0,0,0,0,0,0,0,0,0,1000,0,1,60200,0,91142800,0,0,40,0,1.468,178,1,32419,13319,11019,3208,189,23,9,12,2,0,0,0,0,0,0,0,7936765,0
1645091051525,udp--1.eth2-01.sta01004-A,1.1.15.44.1,udp--1.eth2-01.sta01004,true,0,0,7970068,7952261,0,0,60876,0,89609472,16,0,0,0,0,0,0,0,0,1,0,4294967295,0,0,0,INCREASING,1472,1472,0,0,89,0,172.16.0.1:33374,172.16.3.202:33373,0,2.228,177,1,20405,20536,14936,3093,526,375,447,517,41,0,0,0,0,0,0,0,0,0.0,0,1,0,0,0,0,0,0,0,0,0,0,0,0,0,0,0,0,1,1.066,2,1,15,0,0,0,0,0,0,0,0,0,0,0,0,0,0,0,1000,0,1,60876,0,92166264,0,0,40,0,1.47,178,1,32794,13478,11130,3236,191,23,9,13,2,0,0,0,0,0,0,0,7952623,0
1645091052528,udp--1.eth2-01.sta01004-A,1.1.15.44.1,udp--1.eth2-01.sta01004,true,0,0,7969659,7945250,0,0,61551,0,90603072,17,0,0,0,0,0,0,0,0,1,0,4294967295,0,0,0,INCREASING,1472,1472,0,0,90,0,172.16.0.1:33374,172.16.3.202:33373,0,19.987,177,1,20610,20725,15110,3135,532,386,469,543,41,0,0,0,0,0,0,0,0,0.0,0,1,0,0,0,0,0,0,0,0,0,0,0,0,0,0,0,0,1,1.062,2,1,16,0,0,0,0,0,0,0,0,0,0,0,0,0,0,0,1000,0,1,61551,0,93188214,0,0,40,0,1.294,178,1,33177,13621,11240,3273,192,23,9,14,2,0,0,0,0,0,0,0,7925024,0
1645091053585,udp--1.eth2-01.sta01004-A,1.1.15.44.1,udp--1.eth2-01.sta01004,true,0,0,7968232,7942410,0,0,62264,0,91652608,17,0,0,0,0,0,0,0,0,1,0,4294967295,0,0,0,INCREASING,1472,1472,0,0,92,0,172.16.0.1:33374,172.16.3.202:33373,0,2.18,177,1,20869,20945,15298,3180,533,386,469,543,41,0,0,0,0,0,0,0,0,0.0,0,1,0,0,0,0,0,0,0,0,0,0,0,0,0,0,0,0,1,1.062,2,1,16,0,0,0,0,0,0,0,0,0,0,0,0,0,0,0,1000,0,1,62264,0,94267696,0,0,40,0,1.461,178,1,33550,13791,11358,3323,194,23,9,14,2,0,0,0,0,0,0,0,7943508,0
1645091054587,udp--1.eth2-01.sta01004-A,1.1.15.44.1,udp--1.eth2-01.sta01004,true,0,0,7967592,7950874,0,0,62941,0,92649152,17,0,0,0,0,0,0,0,0,1,0,4294967295,0,0,0,INCREASING,1472,1472,0,0,93,0,172.16.0.1:33374,172.16.3.202:33373,0,2.188,177,1,21099,21189,15468,3213,533,386,469,543,41,0,0,0,0,0,0,0,0,0.0,0,1,0,0,0,0,0,0,0,0,0,0,0,0,0,0,0,0,1,1.062,2,1,16,0,0,0,0,0,0,0,0,0,0,0,0,0,0,0,1000,0,1,62941,0,95292674,0,0,40,0,1.471,178,1,33901,13953,11478,3366,195,23,9,14,2,0,0,0,0,0,0,0,7956439,0
1645091055607,udp--1.eth2-01.sta01004-A,1.1.15.44.1,udp--1.eth2-01.sta01004,true,0,0,7962205,7945632,0,0,63628,0,93660416,17,0,0,0,0,0,0,0,0,1,0,4294967295,0,0,0,INCREASING,1472,1472,0,0,94,0,172.16.0.1:33374,172.16.3.202:33373,0,1.952,177,1,21331,21425,15642,3258,533,386,469,543,41,0,0,0,0,0,0,0,0,0.0,0,1,0,0,0,0,0,0,0,0,0,0,0,0,0,0,0,0,1,1.062,2,1,16,0,0,0,0,0,0,0,0,0,0,0,0,0,0,0,1000,0,0,63628,0,96332792,0,0,40,0,1.466,178,1,34265,14104,11599,3416,196,23,9,14,2,0,0,0,0,0,0,0,7939265,0
1645091056690,udp--1.eth2-01.sta01004-A,1.1.15.44.1,udp--1.eth2-01.sta01004,true,0,0,7964643,7946824,0,0,64359,0,94736448,17,0,0,0,0,0,0,0,0,1,0,4294967295,0,0,0,INCREASING,1472,1472,0,0,95,0,172.16.0.1:33374,172.16.3.202:33373,0,2.496,177,1,21569,21665,15845,3305,536,386,469,543,41,0,0,0,0,0,0,0,0,0.0,0,1,0,0,0,0,0,0,0,0,0,0,0,0,0,0,0,0,1,1.062,2,1,16,0,0,0,0,0,0,0,0,0,0,0,0,0,0,0,1000,0,1,64359,0,97439526,0,0,40,0,1.467,178,1,34673,14238,11730,3471,199,23,9,14,2,0,0,0,0,0,0,0,7941195,0
1645091057692,udp--1.eth2-01.sta01004-A,1.1.15.44.1,udp--1.eth2-01.sta01004,true,0,0,7961127,7941218,0,0,65033,0,95728576,17,0,0,0,0,0,0,0,0,1,0,4294967295,0,0,0,INCREASING,1472,1472,0,0,96,0,172.16.0.1:33374,172.16.3.202:33373,0,1.928,177,1,21818,21882,16020,3338,536,386,469,543,41,0,0,0,0,0,0,0,0,0.0,0,1,0,0,0,0,0,0,0,0,0,0,0,0,0,0,0,0,1,1.062,2,1,16,0,0,0,0,0,0,0,0,0,0,0,0,0,0,0,1000,0,0,65033,0,98459962,0,0,40,0,1.473,178,1,35027,14383,11860,3516,199,23,9,14,2,0,0,0,0,0,0,0,7929094,0
1645091058733,udp--1.eth2-01.sta01004-A,1.1.15.44.1,udp--1.eth2-01.sta01004,true,0,0,7963947,7923040,0,0,65733,0,96758976,21,0,0,0,0,0,0,0,0,1,0,4294967295,0,0,0,INCREASING,1472,1472,0,0,97,0,172.16.0.1:33374,172.16.3.202:33373,0,5.219,177,1,21974,22041,16149,3399,559,396,509,639,67,0,0,0,0,0,0,0,0,0.0,0,1,0,0,0,0,0,0,0,0,0,0,0,0,0,0,0,0,1,1.105,2,1,19,0,0,0,0,0,0,0,0,0,0,0,0,0,0,0,1000,0,1,65733,0,99519762,0,0,40,0,1.446,178,1,35501,14484,11936,3558,203,23,10,15,3,0,0,0,0,0,0,0,7910940,0
1645091059775,udp--1.eth2-01.sta01004-A,1.1.15.44.1,udp--1.eth2-01.sta01004,true,0,0,7964195,7916637,0,0,66433,0,97789376,21,0,0,0,0,0,0,0,0,1,0,4294967295,0,0,0,INCREASING,1472,1472,0,0,98,0,172.16.0.1:33374,172.16.3.202:33373,0,2.601,177,1,22190,22275,16340,3456,561,396,509,639,67,0,0,0,0,0,0,0,0,0.0,0,1,0,0,0,0,0,0,0,0,0,0,0,0,0,0,0,0,1,1.105,2,1,19,0,0,0,0,0,0,0,0,0,0,0,0,0,0,0,1000,0,1,66433,0,100579562,0,0,40,0,1.475,178,1,35895,14616,12048,3618,205,23,10,15,3,0,0,0,0,0,0,0,7910940,0
1645091060818,udp--1.eth2-01.sta01004-A,1.1.15.44.1,udp--1.eth2-01.sta01004,true,0,0,7966878,7926605,0,0,67138,0,98827136,21,0,0,0,0,0,0,0,0,1,0,4294967295,0,0,0,INCREASING,1472,1472,0,0,99,0,172.16.0.1:33374,172.16.3.202:33373,0,2.627,177,1,22390,22516,16543,3511,567,396,509,639,67,0,0,0,0,0,0,0,0,0.0,0,1,0,0,0,0,0,0,0,0,0,0,0,0,0,0,0,0,1,1.105,2,1,19,0,0,0,0,0,0,0,0,0,0,0,0,0,0,0,1000,0,1,67138,0,101646932,0,0,40,0,1.464,178,1,36280,14755,12178,3666,208,23,10,15,3,0,0,0,0,0,0,0,7959808,0
1645091061874,udp--1.eth2-01.sta01004-A,1.1.15.44.1,udp--1.eth2-01.sta01004,true,0,0,7966476,7935138,0,0,67849,0,99873728,21,0,0,0,0,0,0,0,0,1,0,4294967295,0,0,0,INCREASING,1472,1472,0,0,100,0,172.16.0.1:33374,172.16.3.202:33373,0,2.191,177,1,22631,22750,16742,3548,567,396,509,639,67,0,0,0,0,0,0,0,0,0.0,0,1,0,0,0,0,0,0,0,0,0,0,0,0,0,0,0,0,1,1.105,2,1,19,0,0,0,0,0,0,0,0,0,0,0,0,0,0,0,1000,0,1,67849,0,102723386,0,0,40,0,1.47,178,1,36642,14936,12299,3713,208,23,10,15,3,0,0,0,0,0,0,0,7928727,0
1645091062881,udp--1.eth2-01.sta01004-A,1.1.15.44.1,udp--1.eth2-01.sta01004,true,0,0,7965980,7941218,0,0,68528,0,100873216,21,0,0,0,0,0,0,0,0,1,0,4294967295,0,0,0,INCREASING,1472,1472,0,0,101,0,172.16.0.1:33374,172.16.3.202:33373,0,2.645,177,1,22841,22976,16931,3598,571,396,509,639,67,0,0,0,0,0,0,0,0,0.0,0,1,0,0,0,0,0,0,0,0,0,0,0,0,0,0,0,0,1,1.105,2,1,19,0,0,0,0,0,0,0,0,0,0,0,0,0,0,0,1000,0,1,68528,0,103751392,0,0,40,0,1.472,178,1,37000,15099,12408,3761,209,23,10,15,3,0,0,0,0,0,0,0,7940321,0
1645091063979,udp--1.eth2-01.sta01004-A,1.1.15.44.1,udp--1.eth2-01.sta01004,true,0,0,7965897,7941584,0,0,69268,0,101962496,21,0,0,0,0,0,0,0,0,1,0,4294967295,0,0,0,INCREASING,1472,1472,0,0,102,0,172.16.0.1:33374,172.16.3.202:33373,0,2.388,177,1,23067,23214,17151,3651,574,396,509,639,67,0,0,0,0,0,0,0,0,0.0,0,1,0,0,0,0,0,0,0,0,0,0,0,0,0,0,0,0,1,1.105,2,1,19,0,0,0,0,0,0,0,0,0,0,0,0,0,0,0,1000,0,1,69268,0,104871752,0,0,40,0,1.465,178,1,37413,15244,12530,3819,211,23,10,15,3,0,0,0,0,0,0,0,7936466,0
1645091064986,udp--1.eth2-01.sta01004-A,1.1.15.44.1,udp--1.eth2-01.sta01004,true,0,0,7958072,7926682,0,0,69944,0,102957568,21,0,0,0,0,0,0,0,0,1,0,4294967295,0,0,0,INCREASING,1472,1472,0,0,103,0,172.16.0.1:33374,172.16.3.202:33373,0,2.323,177,1,23278,23451,17338,3688,578,396,509,639,67,0,0,0,0,0,0,0,0,0.0,0,1,0,0,0,0,0,0,0,0,0,0,0,0,0,0,0,0,1,1.105,2,1,19,0,0,0,0,0,0,0,0,0,0,0,0,0,0,0,1000,0,0,69944,0,105895216,0,0,40,0,1.476,178,1,37761,15402,12656,3861,213,23,10,15,3,0,0,0,0,0,0,0,7913097,0
1645091066075,udp--1.eth2-01.sta01004-A,1.1.15.44.1,udp--1.eth2-01.sta01004,true,0,0,7956978,7928512,58,0,70679,0,104039488,23,0,0,0,0,0,0,0,0,1,0,4294967295,0,0,0,INCREASING,1472,1472,0,0,104,0,172.16.0.1:33374,172.16.3.202:33373,0,3.043,177,1,23445,23641,17514,3770,595,407,531,700,76,0,0,0,0,0,0,0,0,0.0,0,1,0,0,0,0,0,0,0,0,0,0,0,0,0,0,0,0,1,1.095,2,1,21,0,0,0,0,0,0,0,0,0,0,0,0,0,0,0,1000,0,1,70679,0,107008006,0,41,40,0,1.464,178,1,38234,15507,12758,3907,220,24,10,15,4,0,0,0,0,0,0,0,7940697,0
1645091067077,udp--1.eth2-01.sta01004-A,1.1.15.44.1,udp--1.eth2-01.sta01004,true,0,0,7956491,7919024,0,0,71351,0,105028672,23,0,0,0,0,0,0,0,0,1,0,4294967295,0,0,0,INCREASING,1472,1472,0,0,105,0,172.16.0.1:33374,172.16.3.202:33373,0,2.369,177,1,23635,23852,17722,3826,602,407,531,700,76,0,0,0,0,0,0,0,0,0.0,0,1,0,0,0,0,0,0,0,0,0,0,0,0,0,0,0,0,1,1.095,2,1,21,0,0,0,0,0,0,0,0,0,0,0,0,0,0,0,1000,0,1,71351,0,108025414,0,0,40,0,1.471,178,1,38601,15638,12885,3951,223,24,10,15,4,0,0,0,0,0,0,0,7905566,0
1645091068140,udp--1.eth2-01.sta01004-A,1.1.15.44.1,udp--1.eth2-01.sta01004,true,0,0,7955420,7973578,49,0,72071,0,106088512,23,0,0,0,0,0,0,0,0,1,0,4294967295,0,0,0,INCREASING,1472,1472,0,0,106,0,172.16.0.1:33374,172.16.3.202:33373,0,2.216,177,1,23866,24095,17922,3870,604,407,531,700,76,0,0,0,0,0,0,0,0,0.0,0,1,0,0,0,0,0,0,0,0,0,0,0,0,0,0,0,0,1,1.095,2,1,21,0,0,0,0,0,0,0,0,0,0,0,0,0,0,0,1000,0,1,72071,0,109115494,0,35,40,0,1.469,178,1,38973,15797,13037,3986,225,24,10,15,4,0,0,0,0,0,0,0,7968721,0
1645091069241,udp--1.eth2-01.sta01004-A,1.1.15.44.1,udp--1.eth2-01.sta01004,true,0,0,7959359,7945157,0,0,72813,0,107180736,23,0,0,0,0,0,0,0,0,1,0,4294967295,0,0,0,INCREASING,1472,1472,0,0,107,0,172.16.0.1:33374,172.16.3.202:33373,0,2.349,177,1,24099,24342,18127,3925,606,407,531,700,76,0,0,0,0,0,0,0,0,0.0,0,1,0,0,0,0,0,0,0,0,0,0,0,0,0,0,0,0,1,1.095,2,1,21,0,0,0,0,0,0,0,0,0,0,0,0,0,0,0,1000,0,1,72813,0,110238882,0,0,40,0,1.469,178,1,39367,15961,13170,4033,229,24,10,15,4,0,0,0,0,0,0,0,7936232,0
1645091070315,udp--1.eth2-01.sta01004-A,1.1.15.44.1,udp--1.eth2-01.sta01004,true,0,0,7957031,7933512,0,0,73537,0,108246464,23,0,0,0,0,0,0,0,0,1,0,4294967295,0,0,0,INCREASING,1472,1472,0,0,108,0,172.16.0.1:33374,172.16.3.202:33373,0,2.295,177,1,24323,24597,18305,3986,612,407,531,700,76,0,0,0,0,0,0,0,0,0.0,0,1,0,0,0,0,0,0,0,0,0,0,0,0,0,0,0,0,1,1.095,2,1,21,0,0,0,0,0,0,0,0,0,0,0,0,0,0,0,1000,0,1,73537,0,111335018,0,0,40,0,1.468,178,1,39749,16122,13308,4074,231,24,10,15,4,0,0,0,0,0,0,0,7938383,0
1645091071415,udp--1.eth2-01.sta01004-A,1.1.15.44.1,udp--1.eth2-01.sta01004,true,0,0,7963743,7940386,0,0,74278,0,109337216,23,0,0,0,0,0,0,0,0,1,0,4294967295,0,0,0,INCREASING,1472,1472,0,0,109,0,172.16.0.1:33374,172.16.3.202:33373,0,2.403,177,1,24542,24822,18521,4058,621,407,531,700,76,0,0,0,0,0,0,0,0,0.0,0,1,0,0,0,0,0,0,0,0,0,0,0,0,0,0,0,0,1,1.095,2,1,21,0,0,0,0,0,0,0,0,0,0,0,0,0,0,0,1000,0,1,74278,0,112456892,0,0,40,0,1.462,178,1,40157,16260,13450,4123,235,24,10,15,4,0,0,0,0,0,0,0,7932741,0
1645091072418,udp--1.eth2-01.sta01004-A,1.1.15.44.1,udp--1.eth2-01.sta01004,true,0,0,7960591,7933429,0,0,74953,0,110330816,23,0,0,0,0,0,0,0,0,1,0,4294967295,0,0,0,INCREASING,1472,1472,0,0,110,0,172.16.0.1:33374,172.16.3.202:33373,0,19.101,177,1,24724,25037,18689,4100,631,426,553,717,76,0,0,0,0,0,0,0,0,0.0,0,1,0,0,0,0,0,0,0,0,0,0,0,0,0,0,0,0,1,1.095,2,1,21,0,0,0,0,0,0,0,0,0,0,0,0,0,0,0,1000,0,2,74953,0,113478842,0,0,40,0,1.321,178,1,40541,16391,13573,4158,235,25,10,16,4,0,0,0,0,0,0,0,7925024,0
1645091073459,udp--1.eth2-01.sta01004-A,1.1.15.44.1,udp--1.eth2-01.sta01004,true,0,0,7963291,7936341,0,0,75656,0,111365632,23,0,0,0,0,0,0,0,0,1,0,4294967295,0,0,0,INCREASING,1472,1472,0,0,111,0,172.16.0.1:33374,172.16.3.202:33373,0,2.496,177,1,24911,25254,18910,4172,637,426,553,717,76,0,0,0,0,0,0,0,0,0.0,0,1,0,0,0,0,0,0,0,0,0,0,0,0,0,0,0,0,1,1.095,2,1,21,0,0,0,0,0,0,0,0,0,0,0,0,0,0,0,1000,0,1,75656,0,114543184,0,0,40,0,1.466,178,1,40921,16530,13705,4208,237,25,10,16,4,0,0,0,0,0,0,0,7960123,0
1645091074462,udp--1.eth2-01.sta01004-A,1.1.15.44.1,udp--1.eth2-01.sta01004,true,0,0,7962429,7914949,0,0,76326,0,112351872,28,0,0,0,0,0,0,0,0,1,0,4294967295,0,0,0,INCREASING,1472,1472,0,0,112,0,172.16.0.1:33374,172.16.3.202:33373,0,6.267,177,1,25056,25420,19087,4227,645,437,577,801,76,0,0,0,0,0,0,0,0,0.0,0,1,0,0,0,0,0,0,0,0,0,0,0,0,0,0,0,0,1,1.076,2,1,26,0,0,0,0,0,0,0,0,0,0,0,0,0,0,0,1000,0,1,76326,0,115557564,0,0,40,0,1.437,178,1,41338,16639,13796,4255,239,27,11,17,4,0,0,0,0,0,0,0,7858486,0
1645091075465,udp--1.eth2-01.sta01004-A,1.1.15.44.1,udp--1.eth2-01.sta01004,true,0,0,7962203,7912680,0,0,77002,0,113346944,28,0,0,0,0,0,0,0,0,1,0,4294967295,0,0,0,INCREASING,1472,1472,0,0,113,0,172.16.0.1:33374,172.16.3.202:33373,0,3.547,177,1,25236,25614,19304,4297,656,441,577,801,76,0,0,0,0,0,0,0,0,0.0,0,1,0,0,0,0,0,0,0,0,0,0,0,0,0,0,0,0,1,1.076,2,1,26,0,0,0,0,0,0,0,0,0,0,0,0,0,0,0,1000,0,1,77002,0,116581028,0,0,40,0,1.472,178,1,41737,16737,13915,4310,243,28,11,17,4,0,0,0,0,0,0,0,7936765,0
1645091076567,udp--1.eth2-01.sta01004-A,1.1.15.44.1,udp--1.eth2-01.sta01004,true,0,0,7961918,7917464,0,0,77745,0,114440640,28,0,0,0,0,0,0,0,0,1,0,4294967295,0,0,0,INCREASING,1472,1472,0,0,114,0,172.16.0.1:33374,172.16.3.202:33373,0,2.553,177,1,25421,25828,19546,4388,667,441,577,801,76,0,0,0,0,0,0,0,0,0.0,0,1,0,0,0,0,0,0,0,0,0,0,0,0,0,0,0,0,1,1.076,2,1,26,0,0,0,0,0,0,0,0,0,0,0,0,0,0,0,1000,0,1,77745,0,117705930,0,0,40,0,1.458,178,1,42154,16884,14030,4368,249,28,11,17,4,0,0,0,0,0,0,0,7939716,0
1645091077569,udp--1.eth2-01.sta01004-A,1.1.15.44.1,udp--1.eth2-01.sta01004,true,0,0,7961871,7945538,0,0,78422,0,115437184,28,0,0,0,0,0,0,0,0,1,0,4294967295,0,0,0,INCREASING,1472,1472,0,0,115,0,172.16.0.1:33374,172.16.3.202:33373,0,2.454,177,1,25602,26043,19759,4451,672,441,577,801,76,0,0,0,0,0,0,0,0,0.0,0,1,0,0,0,0,0,0,0,0,0,0,0,0,0,0,0,0,1,1.076,2,1,26,0,0,0,0,0,0,0,0,0,0,0,0,0,0,0,1000,0,1,78422,0,118730908,0,0,40,0,1.455,178,1,42530,17006,14162,4412,252,28,11,17,4,0,0,0,0,0,0,0,7956439,0
1645091078647,udp--1.eth2-01.sta01004-A,1.1.15.44.1,udp--1.eth2-01.sta01004,true,0,0,7959956,7931096,0,0,79146,0,116502912,28,0,0,0,0,0,0,0,0,1,0,4294967295,0,0,0,INCREASING,1472,1472,0,0,117,0,172.16.0.1:33374,172.16.3.202:33373,0,2.632,177,1,25804,26251,19997,4518,681,441,577,801,76,0,0,0,0,0,0,0,0,0.0,0,1,0,0,0,0,0,0,0,0,0,0,0,0,0,0,0,0,1,1.076,2,1,26,0,0,0,0,0,0,0,0,0,0,0,0,0,0,0,1000,0,1,79146,0,119827044,0,0,40,0,1.482,178,1,42929,17144,14297,4459,256,29,11,17,4,0,0,0,0,0,0,0,7908927,0
1645091079652,udp--1.eth2-01.sta01004-A,1.1.15.44.1,udp--1.eth2-01.sta01004,true,0,0,7959926,7933346,0,0,79823,0,117499456,29,0,0,0,0,0,0,0,0,1,0,4294967295,0,0,0,INCREASING,1472,1472,0,0,118,0,172.16.0.1:33374,172.16.3.202:33373,0,20.896,177,1,25999,26435,20149,4573,692,451,607,841,76,0,0,0,0,0,0,0,0,0.0,0,1,0,0,0,0,0,0,0,0,0,0,0,0,0,0,0,0,1,1.074,2,1,27,0,0,0,0,0,0,0,0,0,0,0,0,0,0,0,1000,0,0,79823,0,120852022,0,0,40,0,1.286,178,1,43330,17277,14396,4496,261,29,12,18,4,0,0,0,0,0,0,0,7940589,0
1645091080658,udp--1.eth2-01.sta01004-A,1.1.15.44.1,udp--1.eth2-01.sta01004,true,0,0,7959025,7936341,0,0,80502,0,118498944,29,0,0,0,0,0,0,0,0,1,0,4294967295,0,0,0,INCREASING,1472,1472,0,0,119,0,172.16.0.1:33374,172.16.3.202:33373,0,2.071,177,1,26256,26676,20305,4595,695,451,607,841,76,0,0,0,0,0,0,0,0,0.0,0,1,0,0,0,0,0,0,0,0,0,0,0,0,0,0,0,0,1,1.074,2,1,27,0,0,0,0,0,0,0,0,0,0,0,0,0,0,0,1000,0,0,80502,0,121880028,0,0,40,0,1.473,178,1,43679,17439,14533,4525,263,29,12,18,4,0,0,0,0,0,0,0,7940321,0
1645091081689,udp--1.eth2-01.sta01004-A,1.1.15.44.1,udp--1.eth2-01.sta01004,true,0,0,7960834,7934714,0,0,81197,0,119521984,29,0,0,0,0,0,0,0,0,1,0,4294967295,0,0,0,INCREASING,1472,1472,0,0,120,0,172.16.0.1:33374,172.16.3.202:33373,0,1.99,177,1,26534,26899,20466,4623,700,451,607,841,76,0,0,0,0,0,0,0,0,0.0,0,1,0,0,0,0,0,0,0,0,0,0,0,0,0,0,0,0,1,1.074,2,1,27,0,0,0,0,0,0,0,0,0,0,0,0,0,0,0,1000,0,1,81197,0,122932258,0,0,40,0,1.473,178,1,44047,17597,14663,4561,266,29,12,18,4,0,0,0,0,0,0,0,7938234,0
1645091082083,udp--1.eth2-01.sta01004-A,1.1.15.44.1,udp--1.eth2-01.sta01004,true,0,0,7960271,7935912,0,0,81463,0,119913536,29,0,0,0,0,0,0,0,0,1,0,4294967295,0,0,0,INCREASING,1472,1472,0,0,120,0,172.16.0.1:33374,172.16.3.202:33373,0,2.018,177,1,26637,26991,20527,4633,700,451,607,841,76,0,0,0,0,0,0,0,0,0.0,0,1,0,0,0,0,0,0,0,0,0,0,0,0,0,0,0,0,1,1.074,2,1,27,0,0,0,0,0,0,0,0,0,0,0,0,0,0,0,1000,0,1,81463,0,123334982,0,0,40,0,1.476,178,1,44191,17652,14713,4577,267,29,12,18,4,0,0,0,0,0,0,0,7950294,0
1645091082626,udp--1.eth2-01.sta01004-A,1.1.15.44.1,udp--1.eth2-01.sta01004,true,0,0,7960074,7934546,0,0,81826,0,120447872,29,0,0,0,0,0,0,0,0,1,0,4294967295,0,0,0,INCREASING,1472,1472,0,0,121,0,172.16.0.1:33374,172.16.3.202:33373,0,1.903,177,1,26783,27121,20604,4643,700,451,607,841,76,0,0,0,0,0,0,0,0,0.0,0,1,0,0,0,0,0,0,0,0,0,0,0,0,0,0,0,0,1,1.074,2,1,27,0,0,0,0,0,0,0,0,0,0,0,0,0,0,0,1000,0,1,81826,0,123884564,0,0,40,0,1.471,178,1,44367,17757,14779,4593,267,29,12,18,4,0,0,0,0,0,0,0,7886878,0
1645091083734,udp--1.eth2-01.sta01004-A,1.1.15.44.1,udp--1.eth2-01.sta01004,true,0,0,7958233,7901797,0,0,82566,0,121537152,29,0,0,0,0,0,0,0,0,1,0,4294967295,0,0,0,INCREASING,1472,1472,0,0,122,0,172.16.0.1:33374,172.16.3.202:33373,0,6.43,177,1,27061,27347,20762,4679,709,461,630,841,76,0,0,0,0,0,0,0,0,0.0,0,1,0,0,0,0,0,0,0,0,0,0,0,0,0,0,0,0,1,1.074,2,1,27,0,0,0,0,0,0,0,0,0,0,0,0,0,0,0,1000,0,1,82566,0,125004924,0,0,40,0,1.427,178,1,44779,17930,14884,4641,268,29,13,18,4,0,0,0,0,0,0,0,7857745,0
1645091084735,udp--1.eth2-01.sta01004-A,1.1.15.44.1,udp--1.eth2-01.sta01004,true,0,0,7957932,7903461,0,0,83240,0,122529280,29,0,0,0,0,0,0,0,0,1,0,4294967295,0,0,0,INCREASING,1472,1472,0,0,123,0,172.16.0.1:33374,172.16.3.202:33373,0,54.342,182,1,27131,27409,20811,4717,761,548,717,984,162,0,0,0,0,0,0,0,0,0.0,0,1,0,0,0,0,0,0,0,0,0,0,0,0,0,0,0,0,1,1.074,2,1,27,0,0,0,0,0,0,0,0,0,0,0,0,0,0,0,1000,0,2,83240,0,126025360,0,0,40,0,1.097,183,1,45364,17962,14920,4651,270,32,15,19,7,0,0,0,0,0,0,0,7937024,0
1645091085773,udp--1.eth2-01.sta01004-A,1.1.15.44.1,udp--1.eth2-01.sta01004,true,0,0,7913078,6055216,0,0,83469,0,122866368,29,0,0,0,0,0,0,0,0,1,0,4294967295,0,0,0,INCREASING,1472,1472,0,0,124,0,172.16.0.1:33374,172.16.3.202:33373,0,43.266,712,1,27153,27434,20831,4730,781,579,739,1028,193,0,1,0,0,0,0,0,0,0.0,0,1,0,0,0,0,0,0,0,0,0,0,0,0,0,0,0,0,1,1.074,2,1,27,0,0,0,0,0,0,0,0,0,0,0,0,0,0,0,1000,0,45,83469,0,126372066,0,0,40,0,8.171,713,1,45557,17978,14933,4652,273,33,15,19,8,0,1,0,0,0,0,0,2595480,0
1645091086899,udp--1.eth2-01.sta01004-A,1.1.15.44.1,udp--1.eth2-01.sta01004,true,0,0,7843368,3043813,564,0,83469,0,122866368,29,0,0,0,0,0,0,0,0,1,0,4294967295,0,0,0,INCREASING,1472,1472,0,0,125,0,172.16.0.1:33374,172.16.3.202:33373,0,43.266,712,1,27153,27434,20831,4730,781,579,739,1028,193,0,1,0,0,0,0,0,0,0.0,0,1,0,0,0,0,0,0,0,0,0,0,0,0,0,0,0,0,1,1.074,2,1,27,0,0,0,0,0,0,0,0,0,0,0,0,0,0,0,1000,0,45,83469,0,126372066,0,474,40,0,8.171,713,1,45557,17978,14933,4652,273,33,15,19,8,0,1,0,0,0,0,0,0,0
1645091087974,udp--1.eth2-01.sta01004-A,1.1.15.44.1,udp--1.eth2-01.sta01004,true,0,0,7849083,3365701,507,0,84261,0,124032192,1076,0,0,0,0,0,0,0,0,1,0,4294967295,0,0,0,INCREASING,1472,1472,0,0,126,0,172.16.0.1:33374,172.16.3.202:33373,0,76.483,2101,1,27164,27443,20841,4740,801,614,795,1118,345,14,30,320,36,0,0,0,0,0.0,0,1,0,0,0,0,0,0,0,0,0,0,0,0,0,0,0,0,1,32.606,875,1,29,0,1,1,0,0,0,0,1,0,1,0,0,0,0,0,1000,0,1,84261,0,127571154,0,430,40,0,0.927,1280,1,46328,17982,14938,4654,275,35,17,20,10,0,1,1,0,0,0,0,8675899,0
1645091088998,udp--1.eth2-01.sta01004-A,1.1.15.44.1,udp--1.eth2-01.sta01004,true,0,0,7831997,5041770,810,0,84744,0,124743168,1423,0,0,0,0,0,0,0,0,1,0,4294967295,0,0,0,INCREASING,1472,1472,0,0,127,0,172.16.0.1:33374,172.16.3.202:33373,0,136.671,2101,1,27175,27455,20846,4747,806,626,820,1201,391,14,307,320,36,0,0,0,0,0.0,0,1,0,0,0,0,0,0,0,0,0,0,0,0,0,0,0,0,1,41.852,875,1,29,0,1,1,0,0,0,0,1,1,1,0,0,0,0,0,1000,0,1,84744,0,128302416,0,692,40,0,0.775,1280,1,46781,17996,14945,4654,276,37,20,21,11,0,2,1,0,0,0,0,5554500,0
1645091090057,udp--1.eth2-01.sta01004-A,1.1.15.44.1,udp--1.eth2-01.sta01004,true,0,0,7828706,7754733,783,0,85439,0,125766208,1441,0,0,0,0,0,0,0,0,1,0,4294967295,0,0,0,INCREASING,1472,1472,0,0,128,0,172.16.0.1:33374,172.16.3.202:33373,0,120.885,2101,1,27196,27474,20862,4759,829,654,866,1281,486,369,307,320,36,0,0,0,0,0.0,0,1,0,0,0,0,0,0,0,0,0,0,0,0,0,0,0,0,1,41.171,875,1,29,0,1,1,0,1,0,0,1,1,1,0,0,0,0,0,1000,0,1,85439,0,129354646,0,675,40,0,0.305,1280,1,47443,18003,14958,4656,278,40,21,23,13,1,2,1,0,0,0,0,7728347,0
1645091091157,udp--1.eth2-01.sta01004-A,1.1.15.44.1,udp--1.eth2-01.sta01004,true,0,0,7832157,7597418,779,0,86181,0,126858432,1441,0,0,0,0,0,0,0,0,1,0,4294967295,0,0,0,INCREASING,1472,1472,0,0,129,0,172.16.0.1:33374,172.16.3.202:33373,0,2.047,2101,1,27436,27734,21038,4792,852,664,866,1281,486,369,307,320,36,0,0,0,0,0.0,0,1,0,0,0,0,0,0,0,0,0,0,0,0,0,0,0,0,1,41.171,875,1,29,0,1,1,0,1,0,0,1,1,1,0,0,0,0,0,1000,0,1,86181,0,130478034,0,677,40,0,1.47,1280,1,47823,18203,15086,4683,284,41,21,23,13,1,2,1,0,0,0,0,7950675,0
1645091092199,udp--1.eth2-01.sta01004-A,1.1.15.44.1,udp--1.eth2-01.sta01004,true,0,0,7832966,7868989,1574,0,86883,0,127891776,1441,0,0,0,0,0,0,0,0,1,0,4294967295,0,0,0,INCREASING,1472,1472,0,0,130,0,172.16.0.1:33374,172.16.3.202:33373,0,1.936,2101,1,27676,27991,21216,4816,855,664,866,1281,486,369,307,320,36,0,0,0,0,0.0,0,1,0,0,0,0,0,0,0,0,0,0,0,0,0,0,0,0,1,41.171,875,1,29,0,1,1,0,1,0,0,1,1,1,0,0,0,0,0,1000,0,0,86883,0,131540862,0,1390,40,0,1.486,1280,1,48183,18373,15218,4721,286,41,21,23,13,1,2,1,0,0,0,0,7925936,0
1645091093302,udp--1.eth2-01.sta01004-A,1.1.15.44.1,udp--1.eth2-01.sta01004,true,0,0,7833919,7942501,730,0,87628,0,128988416,1441,0,0,0,0,0,0,0,0,1,0,4294967295,0,0,0,INCREASING,1472,1472,0,0,131,0,172.16.0.1:33374,172.16.3.202:33373,0,2.239,2101,1,27920,28271,21415,4837,856,664,866,1281,486,369,307,320,36,0,0,0,0,0.0,0,1,0,0,0,0,0,0,0,0,0,0,0,0,0,0,0,0,1,41.171,875,1,29,0,1,1,0,1,0,0,1,1,1,0,0,0,0,0,1000,0,1,87628,0,132668792,0,645,40,0,1.468,1280,1,48555,18567,15358,4759,287,41,21,23,13,1,2,1,0,0,0,0,7953871,0
