Date,"Total Upload/RX (Mbps)",Date,"Total Download/RX (Mbps)",Date,"UL + DL Sum/RX (Mbps)",Date,"UDP UL + DL Sum/RX (Mbps)",Date,"UDP DL/RX (Mbps)",Date,"UDP UL/RX (Mbps)",
"2021-06-24T13:04:42.332 UTC",0,"2021-06-24T13:04:42.332 UTC",0,"2021-06-24T13:04:42.332 UTC",0,"2021-06-24T13:04:42.332 UTC",0,"2021-06-24T13:04:42.332 UTC",0,"2021-06-24T13:04:42.332 UTC",0,
"2021-06-24T13:04:43.455 UTC",0,"2021-06-24T13:04:43.455 UTC",0,"2021-06-24T13:04:43.455 UTC",0,"2021-06-24T13:04:43.455 UTC",0,"2021-06-24T13:04:43.455 UTC",0,"2021-06-24T13:04:43.455 UTC",0,
"2021-06-24T13:04:44.533 UTC",0,"2021-06-24T13:04:44.533 UTC",0,"2021-06-24T13:04:44.533 UTC",0,"2021-06-24T13:04:44.533 UTC",0,"2021-06-24T13:04:44.533 UTC",0,"2021-06-24T13:04:44.533 UTC",0,
"2021-06-24T13:04:45.664 UTC",0,"2021-06-24T13:04:45.664 UTC",0,"2021-06-24T13:04:45.664 UTC",0,"2021-06-24T13:04:45.664 UTC",0,"2021-06-24T13:04:45.664 UTC",0,"2021-06-24T13:04:45.664 UTC",0,
"2021-06-24T13:04:46.758 UTC",0,"2021-06-24T13:04:46.758 UTC",0,"2021-06-24T13:04:46.758 UTC",0,"2021-06-24T13:04:46.758 UTC",0,"2021-06-24T13:04:46.758 UTC",0,"2021-06-24T13:04:46.758 UTC",0,
"2021-06-24T13:04:47.835 UTC",0,"2021-06-24T13:04:47.835 UTC",0,"2021-06-24T13:04:47.835 UTC",0,"2021-06-24T13:04:47.835 UTC",0,"2021-06-24T13:04:47.835 UTC",0,"2021-06-24T13:04:47.835 UTC",0,
"2021-06-24T13:04:48.910 UTC",0,"2021-06-24T13:04:48.910 UTC",0,"2021-06-24T13:04:48.910 UTC",0,"2021-06-24T13:04:48.910 UTC",0,"2021-06-24T13:04:48.910 UTC",0,"2021-06-24T13:04:48.910 UTC",0,
"2021-06-24T13:04:50.021 UTC",0,"2021-06-24T13:04:50.021 UTC",0,"2021-06-24T13:04:50.021 UTC",0,"2021-06-24T13:04:50.021 UTC",0,"2021-06-24T13:04:50.021 UTC",0,"2021-06-24T13:04:50.021 UTC",0,
"2021-06-24T13:04:51.131 UTC",0,"2021-06-24T13:04:51.131 UTC",0,"2021-06-24T13:04:51.131 UTC",0,"2021-06-24T13:04:51.131 UTC",0,"2021-06-24T13:04:51.131 UTC",0,"2021-06-24T13:04:51.131 UTC",0,
"2021-06-24T13:04:52.218 UTC",0,"2021-06-24T13:04:52.218 UTC",0,"2021-06-24T13:04:52.218 UTC",0,"2021-06-24T13:04:52.218 UTC",0,"2021-06-24T13:04:52.218 UTC",0,"2021-06-24T13:04:52.218 UTC",0,
"2021-06-24T13:04:53.294 UTC",0,"2021-06-24T13:04:53.294 UTC",0,"2021-06-24T13:04:53.294 UTC",0,"2021-06-24T13:04:53.294 UTC",0,"2021-06-24T13:04:53.294 UTC",0,"2021-06-24T13:04:53.294 UTC",0,
"2021-06-24T13:04:54.531 UTC",0,"2021-06-24T13:04:54.531 UTC",0,"2021-06-24T13:04:54.531 UTC",0,"2021-06-24T13:04:54.531 UTC",0,"2021-06-24T13:04:54.531 UTC",0,"2021-06-24T13:04:54.531 UTC",0,
"2021-06-24T13:04:55.703 UTC",0,"2021-06-24T13:04:55.703 UTC",0,"2021-06-24T13:04:55.703 UTC",0,"2021-06-24T13:04:55.703 UTC",0,"2021-06-24T13:04:55.703 UTC",0,"2021-06-24T13:04:55.703 UTC",0,
"2021-06-24T13:04:56.775 UTC",0,"2021-06-24T13:04:56.775 UTC",0,"2021-06-24T13:04:56.775 UTC",0,"2021-06-24T13:04:56.775 UTC",0,"2021-06-24T13:04:56.775 UTC",0,"2021-06-24T13:04:56.775 UTC",0,
"2021-06-24T13:04:57.851 UTC",0,"2021-06-24T13:04:57.851 UTC",0,"2021-06-24T13:04:57.851 UTC",0,"2021-06-24T13:04:57.851 UTC",0,"2021-06-24T13:04:57.851 UTC",0,"2021-06-24T13:04:57.851 UTC",0,
"2021-06-24T13:04:58.932 UTC",0,"2021-06-24T13:04:58.932 UTC",0,"2021-06-24T13:04:58.932 UTC",0,"2021-06-24T13:04:58.932 UTC",0,"2021-06-24T13:04:58.932 UTC",0,"2021-06-24T13:04:58.932 UTC",0,
"2021-06-24T13:05:00.002 UTC",0,"2021-06-24T13:05:00.002 UTC",0,"2021-06-24T13:05:00.002 UTC",0,"2021-06-24T13:05:00.002 UTC",0,"2021-06-24T13:05:00.002 UTC",0,"2021-06-24T13:05:00.002 UTC",0,
"2021-06-24T13:05:01.078 UTC",0,"2021-06-24T13:05:01.078 UTC",0,"2021-06-24T13:05:01.078 UTC",0,"2021-06-24T13:05:01.078 UTC",0,"2021-06-24T13:05:01.078 UTC",0,"2021-06-24T13:05:01.078 UTC",0,
"2021-06-24T13:05:02.158 UTC",0,"2021-06-24T13:05:02.158 UTC",0,"2021-06-24T13:05:02.158 UTC",0,"2021-06-24T13:05:02.158 UTC",0,"2021-06-24T13:05:02.158 UTC",0,"2021-06-24T13:05:02.158 UTC",0,
"2021-06-24T13:05:03.227 UTC",0,"2021-06-24T13:05:03.227 UTC",0,"2021-06-24T13:05:03.227 UTC",0,"2021-06-24T13:05:03.227 UTC",0,"2021-06-24T13:05:03.227 UTC",0,"2021-06-24T13:05:03.227 UTC",0,
"2021-06-24T13:05:04.768 UTC",0,"2021-06-24T13:05:04.768 UTC",0,"2021-06-24T13:05:04.768 UTC",0,"2021-06-24T13:05:04.768 UTC",0,"2021-06-24T13:05:04.768 UTC",0,"2021-06-24T13:05:04.768 UTC",0,
"2021-06-24T13:05:05.852 UTC",0,"2021-06-24T13:05:05.852 UTC",0,"2021-06-24T13:05:05.852 UTC",0,"2021-06-24T13:05:05.852 UTC",0,"2021-06-24T13:05:05.852 UTC",0,"2021-06-24T13:05:05.852 UTC",0,
"2021-06-24T13:05:06.927 UTC",0,"2021-06-24T13:05:06.927 UTC",0,"2021-06-24T13:05:06.927 UTC",0,"2021-06-24T13:05:06.927 UTC",0,"2021-06-24T13:05:06.927 UTC",0,"2021-06-24T13:05:06.927 UTC",0,
"2021-06-24T13:05:08.011 UTC",0,"2021-06-24T13:05:08.011 UTC",0,"2021-06-24T13:05:08.011 UTC",0,"2021-06-24T13:05:08.011 UTC",0,"2021-06-24T13:05:08.011 UTC",0,"2021-06-24T13:05:08.011 UTC",0,
"2021-06-24T13:05:09.090 UTC",0,"2021-06-24T13:05:09.090 UTC",0,"2021-06-24T13:05:09.090 UTC",0,"2021-06-24T13:05:09.090 UTC",0,"2021-06-24T13:05:09.090 UTC",0,"2021-06-24T13:05:09.090 UTC",0,
"2021-06-24T13:05:10.170 UTC",0,"2021-06-24T13:05:10.170 UTC",0,"2021-06-24T13:05:10.170 UTC",0,"2021-06-24T13:05:10.170 UTC",0,"2021-06-24T13:05:10.170 UTC",0,"2021-06-24T13:05:10.170 UTC",0,
"2021-06-24T13:05:11.545 UTC",0,"2021-06-24T13:05:11.545 UTC",0,"2021-06-24T13:05:11.545 UTC",0,"2021-06-24T13:05:11.545 UTC",0,"2021-06-24T13:05:11.545 UTC",0,"2021-06-24T13:05:11.545 UTC",0,
"2021-06-24T13:05:12.635 UTC",0,"2021-06-24T13:05:12.635 UTC",0,"2021-06-24T13:05:12.635 UTC",0,"2021-06-24T13:05:12.635 UTC",0,"2021-06-24T13:05:12.635 UTC",0,"2021-06-24T13:05:12.635 UTC",0,
"2021-06-24T13:05:13.767 UTC",0,"2021-06-24T13:05:13.767 UTC",20.08248,"2021-06-24T13:05:13.767 UTC",20.08248,"2021-06-24T13:05:13.767 UTC",20.08248,"2021-06-24T13:05:13.767 UTC",20.08248,"2021-06-24T13:05:13.767 UTC",0,
"2021-06-24T13:05:15.123 UTC",0,"2021-06-24T13:05:15.123 UTC",20.08248,"2021-06-24T13:05:15.123 UTC",20.08248,"2021-06-24T13:05:15.123 UTC",20.08248,"2021-06-24T13:05:15.123 UTC",20.08248,"2021-06-24T13:05:15.123 UTC",0,
"2021-06-24T13:05:16.379 UTC",0,"2021-06-24T13:05:16.379 UTC",35.83649,"2021-06-24T13:05:16.379 UTC",35.83649,"2021-06-24T13:05:16.379 UTC",35.83649,"2021-06-24T13:05:16.379 UTC",35.83649,"2021-06-24T13:05:16.379 UTC",0,
"2021-06-24T13:05:17.516 UTC",0,"2021-06-24T13:05:17.516 UTC",43.68122,"2021-06-24T13:05:17.516 UTC",43.68122,"2021-06-24T13:05:17.516 UTC",43.68122,"2021-06-24T13:05:17.516 UTC",43.68122,"2021-06-24T13:05:17.516 UTC",0,
"2021-06-24T13:05:18.635 UTC",0,"2021-06-24T13:05:18.635 UTC",43.69924,"2021-06-24T13:05:18.635 UTC",43.69924,"2021-06-24T13:05:18.635 UTC",43.69924,"2021-06-24T13:05:18.635 UTC",43.69924,"2021-06-24T13:05:18.635 UTC",0,
"2021-06-24T13:05:20.559 UTC",0,"2021-06-24T13:05:20.559 UTC",45.09452,"2021-06-24T13:05:20.559 UTC",45.09452,"2021-06-24T13:05:20.559 UTC",45.09452,"2021-06-24T13:05:20.559 UTC",45.09452,"2021-06-24T13:05:20.559 UTC",0,
"2021-06-24T13:05:21.762 UTC",0,"2021-06-24T13:05:21.762 UTC",45.3935,"2021-06-24T13:05:21.762 UTC",45.3935,"2021-06-24T13:05:21.762 UTC",45.3935,"2021-06-24T13:05:21.762 UTC",45.3935,"2021-06-24T13:05:21.762 UTC",0,
"2021-06-24T13:05:22.906 UTC",0,"2021-06-24T13:05:22.906 UTC",45.65422,"2021-06-24T13:05:22.906 UTC",45.65422,"2021-06-24T13:05:22.906 UTC",45.65422,"2021-06-24T13:05:22.906 UTC",45.65422,"2021-06-24T13:05:22.906 UTC",0,
"2021-06-24T13:05:24.083 UTC",0,"2021-06-24T13:05:24.083 UTC",45.07789,"2021-06-24T13:05:24.083 UTC",45.07789,"2021-06-24T13:05:24.083 UTC",45.07789,"2021-06-24T13:05:24.083 UTC",45.07789,"2021-06-24T13:05:24.083 UTC",0,
"2021-06-24T13:05:26.051 UTC",0,"2021-06-24T13:05:26.051 UTC",45.28866,"2021-06-24T13:05:26.051 UTC",45.28866,"2021-06-24T13:05:26.051 UTC",45.28866,"2021-06-24T13:05:26.051 UTC",45.28866,"2021-06-24T13:05:26.051 UTC",0,
"2021-06-24T13:05:27.409 UTC",0,"2021-06-24T13:05:27.409 UTC",45.86275,"2021-06-24T13:05:27.409 UTC",45.86275,"2021-06-24T13:05:27.409 UTC",45.86275,"2021-06-24T13:05:27.409 UTC",45.86275,"2021-06-24T13:05:27.409 UTC",0,
"2021-06-24T13:05:28.559 UTC",0,"2021-06-24T13:05:28.559 UTC",45.47469,"2021-06-24T13:05:28.559 UTC",45.47469,"2021-06-24T13:05:28.559 UTC",45.47469,"2021-06-24T13:05:28.559 UTC",45.47469,"2021-06-24T13:05:28.559 UTC",0,
"2021-06-24T13:05:29.682 UTC",0,"2021-06-24T13:05:29.682 UTC",45.65525,"2021-06-24T13:05:29.682 UTC",45.65525,"2021-06-24T13:05:29.682 UTC",45.65525,"2021-06-24T13:05:29.682 UTC",45.65525,"2021-06-24T13:05:29.682 UTC",0,
"2021-06-24T13:05:31.459 UTC",0,"2021-06-24T13:05:31.459 UTC",45.83485,"2021-06-24T13:05:31.459 UTC",45.83485,"2021-06-24T13:05:31.459 UTC",45.83485,"2021-06-24T13:05:31.459 UTC",45.83485,"2021-06-24T13:05:31.459 UTC",0,
"2021-06-24T13:05:32.753 UTC",0,"2021-06-24T13:05:32.753 UTC",46.98529,"2021-06-24T13:05:32.753 UTC",46.98529,"2021-06-24T13:05:32.753 UTC",46.98529,"2021-06-24T13:05:32.753 UTC",46.98529,"2021-06-24T13:05:32.753 UTC",0,
"2021-06-24T13:05:33.899 UTC",0,"2021-06-24T13:05:33.899 UTC",47.08026,"2021-06-24T13:05:33.899 UTC",47.08026,"2021-06-24T13:05:33.899 UTC",47.08026,"2021-06-24T13:05:33.899 UTC",47.08026,"2021-06-24T13:05:33.899 UTC",0,
"2021-06-24T13:05:35.326 UTC",0,"2021-06-24T13:05:35.326 UTC",47.64647,"2021-06-24T13:05:35.326 UTC",47.64647,"2021-06-24T13:05:35.326 UTC",47.64647,"2021-06-24T13:05:35.326 UTC",47.64647,"2021-06-24T13:05:35.326 UTC",0,
"2021-06-24T13:05:37.613 UTC",0,"2021-06-24T13:05:37.613 UTC",47.44756,"2021-06-24T13:05:37.613 UTC",47.44756,"2021-06-24T13:05:37.613 UTC",47.44756,"2021-06-24T13:05:37.613 UTC",47.44756,"2021-06-24T13:05:37.613 UTC",0,
"2021-06-24T13:05:38.941 UTC",0,"2021-06-24T13:05:38.941 UTC",0,"2021-06-24T13:05:38.941 UTC",0,"2021-06-24T13:05:38.941 UTC",0,"2021-06-24T13:05:38.941 UTC",0,"2021-06-24T13:05:38.941 UTC",0,
"2021-06-24T13:05:39.945 UTC",0,"2021-06-24T13:05:39.945 UTC",57.0272,"2021-06-24T13:05:39.945 UTC",57.0272,"2021-06-24T13:05:39.945 UTC",57.0272,"2021-06-24T13:05:39.945 UTC",57.0272,"2021-06-24T13:05:39.945 UTC",0,
"2021-06-24T13:05:41.012 UTC",0,"2021-06-24T13:05:41.012 UTC",106.88364,"2021-06-24T13:05:41.012 UTC",106.88364,"2021-06-24T13:05:41.012 UTC",106.88364,"2021-06-24T13:05:41.012 UTC",106.88364,"2021-06-24T13:05:41.012 UTC",0,
"2021-06-24T13:05:42.019 UTC",0,"2021-06-24T13:05:42.019 UTC",88.64117,"2021-06-24T13:05:42.019 UTC",88.64117,"2021-06-24T13:05:42.019 UTC",88.64117,"2021-06-24T13:05:42.019 UTC",88.64117,"2021-06-24T13:05:42.019 UTC",0,
"2021-06-24T13:05:43.939 UTC",0,"2021-06-24T13:05:43.939 UTC",88.64117,"2021-06-24T13:05:43.939 UTC",88.64117,"2021-06-24T13:05:43.939 UTC",88.64117,"2021-06-24T13:05:43.939 UTC",88.64117,"2021-06-24T13:05:43.939 UTC",0,
"2021-06-24T13:05:45.014 UTC",0,"2021-06-24T13:05:45.014 UTC",154.11658,"2021-06-24T13:05:45.014 UTC",154.11658,"2021-06-24T13:05:45.014 UTC",154.11658,"2021-06-24T13:05:45.014 UTC",154.11658,"2021-06-24T13:05:45.014 UTC",0,
"2021-06-24T13:05:46.089 UTC",0,"2021-06-24T13:05:46.089 UTC",153.43946,"2021-06-24T13:05:46.089 UTC",153.43946,"2021-06-24T13:05:46.089 UTC",153.43946,"2021-06-24T13:05:46.089 UTC",153.43946,"2021-06-24T13:05:46.089 UTC",0,
"2021-06-24T13:05:47.111 UTC",0,"2021-06-24T13:05:47.111 UTC",145.7932,"2021-06-24T13:05:47.111 UTC",145.7932,"2021-06-24T13:05:47.111 UTC",145.7932,"2021-06-24T13:05:47.111 UTC",145.7932,"2021-06-24T13:05:47.111 UTC",0,
"2021-06-24T13:05:48.151 UTC",0,"2021-06-24T13:05:48.151 UTC",151.65382,"2021-06-24T13:05:48.151 UTC",151.65382,"2021-06-24T13:05:48.151 UTC",151.65382,"2021-06-24T13:05:48.151 UTC",151.65382,"2021-06-24T13:05:48.151 UTC",0,
"2021-06-24T13:05:49.485 UTC",0,"2021-06-24T13:05:49.485 UTC",157.77303,"2021-06-24T13:05:49.485 UTC",157.77303,"2021-06-24T13:05:49.485 UTC",157.77303,"2021-06-24T13:05:49.485 UTC",157.77303,"2021-06-24T13:05:49.485 UTC",0,
"2021-06-24T13:05:50.565 UTC",0,"2021-06-24T13:05:50.565 UTC",153.89262,"2021-06-24T13:05:50.565 UTC",153.89262,"2021-06-24T13:05:50.565 UTC",153.89262,"2021-06-24T13:05:50.565 UTC",153.89262,"2021-06-24T13:05:50.565 UTC",0,
"2021-06-24T13:05:51.569 UTC",0,"2021-06-24T13:05:51.569 UTC",164.79277,"2021-06-24T13:05:51.569 UTC",164.79277,"2021-06-24T13:05:51.569 UTC",164.79277,"2021-06-24T13:05:51.569 UTC",164.79277,"2021-06-24T13:05:51.569 UTC",0,
"2021-06-24T13:05:52.572 UTC",0,"2021-06-24T13:05:52.572 UTC",180.95022,"2021-06-24T13:05:52.572 UTC",180.95022,"2021-06-24T13:05:52.572 UTC",180.95022,"2021-06-24T13:05:52.572 UTC",180.95022,"2021-06-24T13:05:52.572 UTC",0,
"2021-06-24T13:05:53.580 UTC",0,"2021-06-24T13:05:53.580 UTC",196.10081,"2021-06-24T13:05:53.580 UTC",196.10081,"2021-06-24T13:05:53.580 UTC",196.10081,"2021-06-24T13:05:53.580 UTC",196.10081,"2021-06-24T13:05:53.580 UTC",0,
"2021-06-24T13:05:55.086 UTC",0,"2021-06-24T13:05:55.086 UTC",199.74376,"2021-06-24T13:05:55.086 UTC",199.74376,"2021-06-24T13:05:55.086 UTC",199.74376,"2021-06-24T13:05:55.086 UTC",199.74376,"2021-06-24T13:05:55.086 UTC",0,
"2021-06-24T13:05:56.099 UTC",0,"2021-06-24T13:05:56.099 UTC",186.79759,"2021-06-24T13:05:56.099 UTC",186.79759,"2021-06-24T13:05:56.099 UTC",186.79759,"2021-06-24T13:05:56.099 UTC",186.79759,"2021-06-24T13:05:56.099 UTC",0,
"2021-06-24T13:05:57.105 UTC",0,"2021-06-24T13:05:57.105 UTC",178.54685,"2021-06-24T13:05:57.105 UTC",178.54685,"2021-06-24T13:05:57.105 UTC",178.54685,"2021-06-24T13:05:57.105 UTC",178.54685,"2021-06-24T13:05:57.105 UTC",0,
"2021-06-24T13:05:58.109 UTC",0,"2021-06-24T13:05:58.109 UTC",171.03893,"2021-06-24T13:05:58.109 UTC",171.03893,"2021-06-24T13:05:58.109 UTC",171.03893,"2021-06-24T13:05:58.109 UTC",171.03893,"2021-06-24T13:05:58.109 UTC",0,
"2021-06-24T13:05:59.127 UTC",0,"2021-06-24T13:05:59.127 UTC",173.49083,"2021-06-24T13:05:59.127 UTC",173.49083,"2021-06-24T13:05:59.127 UTC",173.49083,"2021-06-24T13:05:59.127 UTC",173.49083,"2021-06-24T13:05:59.127 UTC",0,
"2021-06-24T13:06:00.761 UTC",0,"2021-06-24T13:06:00.761 UTC",160.76421,"2021-06-24T13:06:00.761 UTC",160.76421,"2021-06-24T13:06:00.761 UTC",160.76421,"2021-06-24T13:06:00.761 UTC",160.76421,"2021-06-24T13:06:00.761 UTC",0,
"2021-06-24T13:06:01.986 UTC",0,"2021-06-24T13:06:01.986 UTC",169.5681,"2021-06-24T13:06:01.986 UTC",169.5681,"2021-06-24T13:06:01.986 UTC",169.5681,"2021-06-24T13:06:01.986 UTC",169.5681,"2021-06-24T13:06:01.986 UTC",0,
"2021-06-24T13:06:02.989 UTC",0,"2021-06-24T13:06:02.989 UTC",0,"2021-06-24T13:06:02.989 UTC",0,"2021-06-24T13:06:02.989 UTC",0,"2021-06-24T13:06:02.989 UTC",0,"2021-06-24T13:06:02.989 UTC",0,
"2021-06-24T13:06:04.029 UTC",0,"2021-06-24T13:06:04.029 UTC",12.86295,"2021-06-24T13:06:04.029 UTC",12.86295,"2021-06-24T13:06:04.029 UTC",12.86295,"2021-06-24T13:06:04.029 UTC",12.86295,"2021-06-24T13:06:04.029 UTC",0,
"2021-06-24T13:06:05.032 UTC",0,"2021-06-24T13:06:05.032 UTC",89.01764,"2021-06-24T13:06:05.032 UTC",89.01764,"2021-06-24T13:06:05.032 UTC",89.01764,"2021-06-24T13:06:05.032 UTC",89.01764,"2021-06-24T13:06:05.032 UTC",0,
"2021-06-24T13:06:06.764 UTC",0,"2021-06-24T13:06:06.764 UTC",89.01764,"2021-06-24T13:06:06.764 UTC",89.01764,"2021-06-24T13:06:06.764 UTC",89.01764,"2021-06-24T13:06:06.764 UTC",89.01764,"2021-06-24T13:06:06.764 UTC",0,
"2021-06-24T13:06:08.019 UTC",0,"2021-06-24T13:06:08.019 UTC",109.14102,"2021-06-24T13:06:08.019 UTC",109.14102,"2021-06-24T13:06:08.019 UTC",109.14102,"2021-06-24T13:06:08.019 UTC",109.14102,"2021-06-24T13:06:08.019 UTC",0,
"2021-06-24T13:06:09.031 UTC",0,"2021-06-24T13:06:09.031 UTC",114.97869,"2021-06-24T13:06:09.031 UTC",114.97869,"2021-06-24T13:06:09.031 UTC",114.97869,"2021-06-24T13:06:09.031 UTC",114.97869,"2021-06-24T13:06:09.031 UTC",0,
"2021-06-24T13:06:10.052 UTC",0,"2021-06-24T13:06:10.052 UTC",140.84837,"2021-06-24T13:06:10.052 UTC",140.84837,"2021-06-24T13:06:10.052 UTC",140.84837,"2021-06-24T13:06:10.052 UTC",140.84837,"2021-06-24T13:06:10.052 UTC",0,
"2021-06-24T13:06:11.141 UTC",0,"2021-06-24T13:06:11.141 UTC",182.41845,"2021-06-24T13:06:11.141 UTC",182.41845,"2021-06-24T13:06:11.141 UTC",182.41845,"2021-06-24T13:06:11.141 UTC",182.41845,"2021-06-24T13:06:11.141 UTC",0,
"2021-06-24T13:06:12.961 UTC",0,"2021-06-24T13:06:12.961 UTC",182.41845,"2021-06-24T13:06:12.961 UTC",182.41845,"2021-06-24T13:06:12.961 UTC",182.41845,"2021-06-24T13:06:12.961 UTC",182.41845,"2021-06-24T13:06:12.961 UTC",0,
"2021-06-24T13:06:13.985 UTC",0,"2021-06-24T13:06:13.985 UTC",126.42118,"2021-06-24T13:06:13.985 UTC",126.42118,"2021-06-24T13:06:13.985 UTC",126.42118,"2021-06-24T13:06:13.985 UTC",126.42118,"2021-06-24T13:06:13.985 UTC",0,
"2021-06-24T13:06:14.991 UTC",0,"2021-06-24T13:06:14.991 UTC",138.64259,"2021-06-24T13:06:14.991 UTC",138.64259,"2021-06-24T13:06:14.991 UTC",138.64259,"2021-06-24T13:06:14.991 UTC",138.64259,"2021-06-24T13:06:14.991 UTC",0,
"2021-06-24T13:06:15.996 UTC",0,"2021-06-24T13:06:15.996 UTC",169.36751,"2021-06-24T13:06:15.996 UTC",169.36751,"2021-06-24T13:06:15.996 UTC",169.36751,"2021-06-24T13:06:15.996 UTC",169.36751,"2021-06-24T13:06:15.996 UTC",0,
"2021-06-24T13:06:17.000 UTC",0,"2021-06-24T13:06:17.000 UTC",194.3941,"2021-06-24T13:06:17.000 UTC",194.3941,"2021-06-24T13:06:17.000 UTC",194.3941,"2021-06-24T13:06:17.000 UTC",194.3941,"2021-06-24T13:06:17.000 UTC",0,
"2021-06-24T13:06:18.016 UTC",0,"2021-06-24T13:06:18.016 UTC",182.3653,"2021-06-24T13:06:18.016 UTC",182.3653,"2021-06-24T13:06:18.016 UTC",182.3653,"2021-06-24T13:06:18.016 UTC",182.3653,"2021-06-24T13:06:18.016 UTC",0,
"2021-06-24T13:06:19.074 UTC",0,"2021-06-24T13:06:19.074 UTC",177.53078,"2021-06-24T13:06:19.074 UTC",177.53078,"2021-06-24T13:06:19.074 UTC",177.53078,"2021-06-24T13:06:19.074 UTC",177.53078,"2021-06-24T13:06:19.074 UTC",0,
"2021-06-24T13:06:20.078 UTC",0,"2021-06-24T13:06:20.078 UTC",176.84158,"2021-06-24T13:06:20.078 UTC",176.84158,"2021-06-24T13:06:20.078 UTC",176.84158,"2021-06-24T13:06:20.078 UTC",176.84158,"2021-06-24T13:06:20.078 UTC",0,
"2021-06-24T13:06:21.126 UTC",0,"2021-06-24T13:06:21.126 UTC",156.20589,"2021-06-24T13:06:21.126 UTC",156.20589,"2021-06-24T13:06:21.126 UTC",156.20589,"2021-06-24T13:06:21.126 UTC",156.20589,"2021-06-24T13:06:21.126 UTC",0,
"2021-06-24T13:06:22.175 UTC",0,"2021-06-24T13:06:22.175 UTC",161.65611,"2021-06-24T13:06:22.175 UTC",161.65611,"2021-06-24T13:06:22.175 UTC",161.65611,"2021-06-24T13:06:22.175 UTC",161.65611,"2021-06-24T13:06:22.175 UTC",0,
"2021-06-24T13:06:24.014 UTC",0,"2021-06-24T13:06:24.014 UTC",179.27208,"2021-06-24T13:06:24.014 UTC",179.27208,"2021-06-24T13:06:24.014 UTC",179.27208,"2021-06-24T13:06:24.014 UTC",179.27208,"2021-06-24T13:06:24.014 UTC",0,
"2021-06-24T13:06:25.138 UTC",0,"2021-06-24T13:06:25.138 UTC",179.96647,"2021-06-24T13:06:25.138 UTC",179.96647,"2021-06-24T13:06:25.138 UTC",179.96647,"2021-06-24T13:06:25.138 UTC",179.96647,"2021-06-24T13:06:25.138 UTC",0,
"2021-06-24T13:06:26.153 UTC",0,"2021-06-24T13:06:26.153 UTC",179.96647,"2021-06-24T13:06:26.153 UTC",179.96647,"2021-06-24T13:06:26.153 UTC",179.96647,"2021-06-24T13:06:26.153 UTC",179.96647,"2021-06-24T13:06:26.153 UTC",0,
"2021-06-24T13:06:27.458 UTC",0,"2021-06-24T13:06:27.458 UTC",168.18325,"2021-06-24T13:06:27.458 UTC",168.18325,"2021-06-24T13:06:27.458 UTC",168.18325,"2021-06-24T13:06:27.458 UTC",168.18325,"2021-06-24T13:06:27.458 UTC",0,
"2021-06-24T13:06:30.313 UTC",0,"2021-06-24T13:06:30.313 UTC",136.23597,"2021-06-24T13:06:30.313 UTC",136.23597,"2021-06-24T13:06:30.313 UTC",136.23597,"2021-06-24T13:06:30.313 UTC",136.23597,"2021-06-24T13:06:30.313 UTC",0,
"2021-06-24T13:06:31.446 UTC",0,"2021-06-24T13:06:31.446 UTC",0,"2021-06-24T13:06:31.446 UTC",0,"2021-06-24T13:06:31.446 UTC",0,"2021-06-24T13:06:31.446 UTC",0,"2021-06-24T13:06:31.446 UTC",0,
"2021-06-24T13:06:32.456 UTC",81.01041,"2021-06-24T13:06:32.456 UTC",0,"2021-06-24T13:06:32.456 UTC",81.01041,"2021-06-24T13:06:32.456 UTC",81.01041,"2021-06-24T13:06:32.456 UTC",0,"2021-06-24T13:06:32.456 UTC",81.01041,
"2021-06-24T13:06:33.462 UTC",81.01041,"2021-06-24T13:06:33.462 UTC",0,"2021-06-24T13:06:33.462 UTC",81.01041,"2021-06-24T13:06:33.462 UTC",81.01041,"2021-06-24T13:06:33.462 UTC",0,"2021-06-24T13:06:33.462 UTC",81.01041,
"2021-06-24T13:06:34.466 UTC",115.21429,"2021-06-24T13:06:34.466 UTC",0,"2021-06-24T13:06:34.466 UTC",115.21429,"2021-06-24T13:06:34.466 UTC",115.21429,"2021-06-24T13:06:34.466 UTC",0,"2021-06-24T13:06:34.466 UTC",115.21429,
"2021-06-24T13:06:36.207 UTC",74.11585,"2021-06-24T13:06:36.207 UTC",0,"2021-06-24T13:06:36.207 UTC",74.11585,"2021-06-24T13:06:36.207 UTC",74.11585,"2021-06-24T13:06:36.207 UTC",0,"2021-06-24T13:06:36.207 UTC",74.11585,
"2021-06-24T13:06:37.236 UTC",128.71215,"2021-06-24T13:06:37.236 UTC",0,"2021-06-24T13:06:37.236 UTC",128.71215,"2021-06-24T13:06:37.236 UTC",128.71215,"2021-06-24T13:06:37.236 UTC",0,"2021-06-24T13:06:37.236 UTC",128.71215,
"2021-06-24T13:06:38.239 UTC",136.12795,"2021-06-24T13:06:38.239 UTC",0,"2021-06-24T13:06:38.239 UTC",136.12795,"2021-06-24T13:06:38.239 UTC",136.12795,"2021-06-24T13:06:38.239 UTC",0,"2021-06-24T13:06:38.239 UTC",136.12795,
"2021-06-24T13:06:39.243 UTC",145.54554,"2021-06-24T13:06:39.243 UTC",0,"2021-06-24T13:06:39.243 UTC",145.54554,"2021-06-24T13:06:39.243 UTC",145.54554,"2021-06-24T13:06:39.243 UTC",0,"2021-06-24T13:06:39.243 UTC",145.54554,
"2021-06-24T13:06:40.246 UTC",139.12486,"2021-06-24T13:06:40.246 UTC",0,"2021-06-24T13:06:40.246 UTC",139.12486,"2021-06-24T13:06:40.246 UTC",139.12486,"2021-06-24T13:06:40.246 UTC",0,"2021-06-24T13:06:40.246 UTC",139.12486,
"2021-06-24T13:06:41.818 UTC",131.13375,"2021-06-24T13:06:41.818 UTC",0,"2021-06-24T13:06:41.818 UTC",131.13375,"2021-06-24T13:06:41.818 UTC",131.13375,"2021-06-24T13:06:41.818 UTC",0,"2021-06-24T13:06:41.818 UTC",131.13375,
"2021-06-24T13:06:42.825 UTC",139.43639,"2021-06-24T13:06:42.825 UTC",0,"2021-06-24T13:06:42.825 UTC",139.43639,"2021-06-24T13:06:42.825 UTC",139.43639,"2021-06-24T13:06:42.825 UTC",0,"2021-06-24T13:06:42.825 UTC",139.43639,
"2021-06-24T13:06:43.831 UTC",147.65079,"2021-06-24T13:06:43.831 UTC",0,"2021-06-24T13:06:43.831 UTC",147.65079,"2021-06-24T13:06:43.831 UTC",147.65079,"2021-06-24T13:06:43.831 UTC",0,"2021-06-24T13:06:43.831 UTC",147.65079,
"2021-06-24T13:06:44.849 UTC",160.72659,"2021-06-24T13:06:44.849 UTC",0,"2021-06-24T13:06:44.849 UTC",160.72659,"2021-06-24T13:06:44.849 UTC",160.72659,"2021-06-24T13:06:44.849 UTC",0,"2021-06-24T13:06:44.849 UTC",160.72659,
"2021-06-24T13:06:45.876 UTC",157.75082,"2021-06-24T13:06:45.876 UTC",0,"2021-06-24T13:06:45.876 UTC",157.75082,"2021-06-24T13:06:45.876 UTC",157.75082,"2021-06-24T13:06:45.876 UTC",0,"2021-06-24T13:06:45.876 UTC",157.75082,
"2021-06-24T13:06:47.306 UTC",157.75082,"2021-06-24T13:06:47.306 UTC",0,"2021-06-24T13:06:47.306 UTC",157.75082,"2021-06-24T13:06:47.306 UTC",157.75082,"2021-06-24T13:06:47.306 UTC",0,"2021-06-24T13:06:47.306 UTC",157.75082,
"2021-06-24T13:06:48.402 UTC",140.73814,"2021-06-24T13:06:48.402 UTC",0,"2021-06-24T13:06:48.402 UTC",140.73814,"2021-06-24T13:06:48.402 UTC",140.73814,"2021-06-24T13:06:48.402 UTC",0,"2021-06-24T13:06:48.402 UTC",140.73814,
"2021-06-24T13:06:49.473 UTC",140.18522,"2021-06-24T13:06:49.473 UTC",0,"2021-06-24T13:06:49.473 UTC",140.18522,"2021-06-24T13:06:49.473 UTC",140.18522,"2021-06-24T13:06:49.473 UTC",0,"2021-06-24T13:06:49.473 UTC",140.18522,
"2021-06-24T13:06:50.475 UTC",140.9653,"2021-06-24T13:06:50.475 UTC",0,"2021-06-24T13:06:50.475 UTC",140.9653,"2021-06-24T13:06:50.475 UTC",140.9653,"2021-06-24T13:06:50.475 UTC",0,"2021-06-24T13:06:50.475 UTC",140.9653,
"2021-06-24T13:06:51.479 UTC",149.74488,"2021-06-24T13:06:51.479 UTC",0,"2021-06-24T13:06:51.479 UTC",149.74488,"2021-06-24T13:06:51.479 UTC",149.74488,"2021-06-24T13:06:51.479 UTC",0,"2021-06-24T13:06:51.479 UTC",149.74488,
"2021-06-24T13:06:52.900 UTC",149.74488,"2021-06-24T13:06:52.900 UTC",0,"2021-06-24T13:06:52.900 UTC",149.74488,"2021-06-24T13:06:52.900 UTC",149.74488,"2021-06-24T13:06:52.900 UTC",0,"2021-06-24T13:06:52.900 UTC",149.74488,
"2021-06-24T13:06:53.975 UTC",154.60875,"2021-06-24T13:06:53.975 UTC",0,"2021-06-24T13:06:53.975 UTC",154.60875,"2021-06-24T13:06:53.975 UTC",154.60875,"2021-06-24T13:06:53.975 UTC",0,"2021-06-24T13:06:53.975 UTC",154.60875,
"2021-06-24T13:06:55.081 UTC",157.48085,"2021-06-24T13:06:55.081 UTC",0,"2021-06-24T13:06:55.081 UTC",157.48085,"2021-06-24T13:06:55.081 UTC",157.48085,"2021-06-24T13:06:55.081 UTC",0,"2021-06-24T13:06:55.081 UTC",157.48085,
"2021-06-24T13:06:56.091 UTC",156.62474,"2021-06-24T13:06:56.091 UTC",0,"2021-06-24T13:06:56.091 UTC",156.62474,"2021-06-24T13:06:56.091 UTC",156.62474,"2021-06-24T13:06:56.091 UTC",0,"2021-06-24T13:06:56.091 UTC",156.62474,
"2021-06-24T13:06:57.171 UTC",46.2555,"2021-06-24T13:06:57.171 UTC",0,"2021-06-24T13:06:57.171 UTC",46.2555,"2021-06-24T13:06:57.171 UTC",46.2555,"2021-06-24T13:06:57.171 UTC",0,"2021-06-24T13:06:57.171 UTC",46.2555,
"2021-06-24T13:06:58.775 UTC",46.2555,"2021-06-24T13:06:58.775 UTC",0,"2021-06-24T13:06:58.775 UTC",46.2555,"2021-06-24T13:06:58.775 UTC",46.2555,"2021-06-24T13:06:58.775 UTC",0,"2021-06-24T13:06:58.775 UTC",46.2555,
"2021-06-24T13:06:59.855 UTC",128.1117,"2021-06-24T13:06:59.855 UTC",0,"2021-06-24T13:06:59.855 UTC",128.1117,"2021-06-24T13:06:59.855 UTC",128.1117,"2021-06-24T13:06:59.855 UTC",0,"2021-06-24T13:06:59.855 UTC",128.1117,
"2021-06-24T13:07:00.858 UTC",149.7146,"2021-06-24T13:07:00.858 UTC",0,"2021-06-24T13:07:00.858 UTC",149.7146,"2021-06-24T13:07:00.858 UTC",149.7146,"2021-06-24T13:07:00.858 UTC",0,"2021-06-24T13:07:00.858 UTC",149.7146,
"2021-06-24T13:07:01.861 UTC",138.46164,"2021-06-24T13:07:01.861 UTC",0,"2021-06-24T13:07:01.861 UTC",138.46164,"2021-06-24T13:07:01.861 UTC",138.46164,"2021-06-24T13:07:01.861 UTC",0,"2021-06-24T13:07:01.861 UTC",138.46164,
"2021-06-24T13:07:02.865 UTC",131.2945,"2021-06-24T13:07:02.865 UTC",0,"2021-06-24T13:07:02.865 UTC",131.2945,"2021-06-24T13:07:02.865 UTC",131.2945,"2021-06-24T13:07:02.865 UTC",0,"2021-06-24T13:07:02.865 UTC",131.2945,
"2021-06-24T13:07:04.356 UTC",121.3569,"2021-06-24T13:07:04.356 UTC",0,"2021-06-24T13:07:04.356 UTC",121.3569,"2021-06-24T13:07:04.356 UTC",121.3569,"2021-06-24T13:07:04.356 UTC",0,"2021-06-24T13:07:04.356 UTC",121.3569,
"2021-06-24T13:07:05.406 UTC",130.35988,"2021-06-24T13:07:05.406 UTC",0,"2021-06-24T13:07:05.406 UTC",130.35988,"2021-06-24T13:07:05.406 UTC",130.35988,"2021-06-24T13:07:05.406 UTC",0,"2021-06-24T13:07:05.406 UTC",130.35988,
"2021-06-24T13:07:06.412 UTC",142.1523,"2021-06-24T13:07:06.412 UTC",0,"2021-06-24T13:07:06.412 UTC",142.1523,"2021-06-24T13:07:06.412 UTC",142.1523,"2021-06-24T13:07:06.412 UTC",0,"2021-06-24T13:07:06.412 UTC",142.1523,
"2021-06-24T13:07:07.416 UTC",136.28422,"2021-06-24T13:07:07.416 UTC",0,"2021-06-24T13:07:07.416 UTC",136.28422,"2021-06-24T13:07:07.416 UTC",136.28422,"2021-06-24T13:07:07.416 UTC",0,"2021-06-24T13:07:07.416 UTC",136.28422,
"2021-06-24T13:07:08.419 UTC",134.34447,"2021-06-24T13:07:08.419 UTC",0,"2021-06-24T13:07:08.419 UTC",134.34447,"2021-06-24T13:07:08.419 UTC",134.34447,"2021-06-24T13:07:08.419 UTC",0,"2021-06-24T13:07:08.419 UTC",134.34447,
"2021-06-24T13:07:10.092 UTC",132.86177,"2021-06-24T13:07:10.092 UTC",0,"2021-06-24T13:07:10.092 UTC",132.86177,"2021-06-24T13:07:10.092 UTC",132.86177,"2021-06-24T13:07:10.092 UTC",0,"2021-06-24T13:07:10.092 UTC",132.86177,
"2021-06-24T13:07:11.187 UTC",134.60485,"2021-06-24T13:07:11.187 UTC",0,"2021-06-24T13:07:11.187 UTC",134.60485,"2021-06-24T13:07:11.187 UTC",134.60485,"2021-06-24T13:07:11.187 UTC",0,"2021-06-24T13:07:11.187 UTC",134.60485,
"2021-06-24T13:07:12.193 UTC",137.69828,"2021-06-24T13:07:12.193 UTC",0,"2021-06-24T13:07:12.193 UTC",137.69828,"2021-06-24T13:07:12.193 UTC",137.69828,"2021-06-24T13:07:12.193 UTC",0,"2021-06-24T13:07:12.193 UTC",137.69828,
"2021-06-24T13:07:13.195 UTC",122.84054,"2021-06-24T13:07:13.195 UTC",0,"2021-06-24T13:07:13.195 UTC",122.84054,"2021-06-24T13:07:13.195 UTC",122.84054,"2021-06-24T13:07:13.195 UTC",0,"2021-06-24T13:07:13.195 UTC",122.84054,
"2021-06-24T13:07:14.198 UTC",123.97687,"2021-06-24T13:07:14.198 UTC",0,"2021-06-24T13:07:14.198 UTC",123.97687,"2021-06-24T13:07:14.198 UTC",123.97687,"2021-06-24T13:07:14.198 UTC",0,"2021-06-24T13:07:14.198 UTC",123.97687,
"2021-06-24T13:07:15.559 UTC",122.20608,"2021-06-24T13:07:15.559 UTC",0,"2021-06-24T13:07:15.559 UTC",122.20608,"2021-06-24T13:07:15.559 UTC",122.20608,"2021-06-24T13:07:15.559 UTC",0,"2021-06-24T13:07:15.559 UTC",122.20608,
"2021-06-24T13:07:16.569 UTC",123.6539,"2021-06-24T13:07:16.569 UTC",0,"2021-06-24T13:07:16.569 UTC",123.6539,"2021-06-24T13:07:16.569 UTC",123.6539,"2021-06-24T13:07:16.569 UTC",0,"2021-06-24T13:07:16.569 UTC",123.6539,
"2021-06-24T13:07:17.572 UTC",119.04136,"2021-06-24T13:07:17.572 UTC",0,"2021-06-24T13:07:17.572 UTC",119.04136,"2021-06-24T13:07:17.572 UTC",119.04136,"2021-06-24T13:07:17.572 UTC",0,"2021-06-24T13:07:17.572 UTC",119.04136,
"2021-06-24T13:07:18.575 UTC",118.09227,"2021-06-24T13:07:18.575 UTC",0,"2021-06-24T13:07:18.575 UTC",118.09227,"2021-06-24T13:07:18.575 UTC",118.09227,"2021-06-24T13:07:18.575 UTC",0,"2021-06-24T13:07:18.575 UTC",118.09227,
"2021-06-24T13:07:19.602 UTC",131.86202,"2021-06-24T13:07:19.602 UTC",0,"2021-06-24T13:07:19.602 UTC",131.86202,"2021-06-24T13:07:19.602 UTC",131.86202,"2021-06-24T13:07:19.602 UTC",0,"2021-06-24T13:07:19.602 UTC",131.86202,
"2021-06-24T13:07:21.198 UTC",0,"2021-06-24T13:07:21.198 UTC",0,"2021-06-24T13:07:21.198 UTC",0,"2021-06-24T13:07:21.198 UTC",0,"2021-06-24T13:07:21.198 UTC",0,"2021-06-24T13:07:21.198 UTC",0,
"2021-06-24T13:07:22.307 UTC",47.09622,"2021-06-24T13:07:22.307 UTC",0,"2021-06-24T13:07:22.307 UTC",47.09622,"2021-06-24T13:07:22.307 UTC",47.09622,"2021-06-24T13:07:22.307 UTC",0,"2021-06-24T13:07:22.307 UTC",47.09622,
"2021-06-24T13:07:23.342 UTC",113.1122,"2021-06-24T13:07:23.342 UTC",0,"2021-06-24T13:07:23.342 UTC",113.1122,"2021-06-24T13:07:23.342 UTC",113.1122,"2021-06-24T13:07:23.342 UTC",0,"2021-06-24T13:07:23.342 UTC",113.1122,
"2021-06-24T13:07:24.346 UTC",183.21198,"2021-06-24T13:07:24.346 UTC",0,"2021-06-24T13:07:24.346 UTC",183.21198,"2021-06-24T13:07:24.346 UTC",183.21198,"2021-06-24T13:07:24.346 UTC",0,"2021-06-24T13:07:24.346 UTC",183.21198,
"2021-06-24T13:07:25.350 UTC",200.66185,"2021-06-24T13:07:25.350 UTC",0,"2021-06-24T13:07:25.350 UTC",200.66185,"2021-06-24T13:07:25.350 UTC",200.66185,"2021-06-24T13:07:25.350 UTC",0,"2021-06-24T13:07:25.350 UTC",200.66185,
"2021-06-24T13:07:27.258 UTC",200.66185,"2021-06-24T13:07:27.258 UTC",0,"2021-06-24T13:07:27.258 UTC",200.66185,"2021-06-24T13:07:27.258 UTC",200.66185,"2021-06-24T13:07:27.258 UTC",0,"2021-06-24T13:07:27.258 UTC",200.66185,
"2021-06-24T13:07:28.435 UTC",183.28354,"2021-06-24T13:07:28.435 UTC",0,"2021-06-24T13:07:28.435 UTC",183.28354,"2021-06-24T13:07:28.435 UTC",183.28354,"2021-06-24T13:07:28.435 UTC",0,"2021-06-24T13:07:28.435 UTC",183.28354,
"2021-06-24T13:07:29.439 UTC",179.58321,"2021-06-24T13:07:29.439 UTC",0,"2021-06-24T13:07:29.439 UTC",179.58321,"2021-06-24T13:07:29.439 UTC",179.58321,"2021-06-24T13:07:29.439 UTC",0,"2021-06-24T13:07:29.439 UTC",179.58321,
"2021-06-24T13:07:30.443 UTC",178.73124,"2021-06-24T13:07:30.443 UTC",0,"2021-06-24T13:07:30.443 UTC",178.73124,"2021-06-24T13:07:30.443 UTC",178.73124,"2021-06-24T13:07:30.443 UTC",0,"2021-06-24T13:07:30.443 UTC",178.73124,
"2021-06-24T13:07:31.447 UTC",186.23463,"2021-06-24T13:07:31.447 UTC",0,"2021-06-24T13:07:31.447 UTC",186.23463,"2021-06-24T13:07:31.447 UTC",186.23463,"2021-06-24T13:07:31.447 UTC",0,"2021-06-24T13:07:31.447 UTC",186.23463,
"2021-06-24T13:07:33.039 UTC",196.21518,"2021-06-24T13:07:33.039 UTC",0,"2021-06-24T13:07:33.039 UTC",196.21518,"2021-06-24T13:07:33.039 UTC",196.21518,"2021-06-24T13:07:33.039 UTC",0,"2021-06-24T13:07:33.039 UTC",196.21518,
"2021-06-24T13:07:36.225 UTC",182.65512,"2021-06-24T13:07:36.225 UTC",0,"2021-06-24T13:07:36.225 UTC",182.65512,"2021-06-24T13:07:36.225 UTC",182.65512,"2021-06-24T13:07:36.225 UTC",0,"2021-06-24T13:07:36.225 UTC",182.65512,
"2021-06-24T13:07:37.306 UTC",153.38336,"2021-06-24T13:07:37.306 UTC",0,"2021-06-24T13:07:37.306 UTC",153.38336,"2021-06-24T13:07:37.306 UTC",153.38336,"2021-06-24T13:07:37.306 UTC",0,"2021-06-24T13:07:37.306 UTC",153.38336,
"2021-06-24T13:07:38.375 UTC",164.19841,"2021-06-24T13:07:38.375 UTC",0,"2021-06-24T13:07:38.375 UTC",164.19841,"2021-06-24T13:07:38.375 UTC",164.19841,"2021-06-24T13:07:38.375 UTC",0,"2021-06-24T13:07:38.375 UTC",164.19841,
"2021-06-24T13:07:39.385 UTC",199.45854,"2021-06-24T13:07:39.385 UTC",0,"2021-06-24T13:07:39.385 UTC",199.45854,"2021-06-24T13:07:39.385 UTC",199.45854,"2021-06-24T13:07:39.385 UTC",0,"2021-06-24T13:07:39.385 UTC",199.45854,
"2021-06-24T13:07:41.299 UTC",211.0476,"2021-06-24T13:07:41.299 UTC",0,"2021-06-24T13:07:41.299 UTC",211.0476,"2021-06-24T13:07:41.299 UTC",211.0476,"2021-06-24T13:07:41.299 UTC",0,"2021-06-24T13:07:41.299 UTC",211.0476,
"2021-06-24T13:07:42.321 UTC",142.29037,"2021-06-24T13:07:42.321 UTC",0,"2021-06-24T13:07:42.321 UTC",142.29037,"2021-06-24T13:07:42.321 UTC",142.29037,"2021-06-24T13:07:42.321 UTC",0,"2021-06-24T13:07:42.321 UTC",142.29037,
"2021-06-24T13:07:43.640 UTC",160.24816,"2021-06-24T13:07:43.640 UTC",0,"2021-06-24T13:07:43.640 UTC",160.24816,"2021-06-24T13:07:43.640 UTC",160.24816,"2021-06-24T13:07:43.640 UTC",0,"2021-06-24T13:07:43.640 UTC",160.24816,
"2021-06-24T13:07:44.741 UTC",0,"2021-06-24T13:07:44.741 UTC",0,"2021-06-24T13:07:44.741 UTC",0,"2021-06-24T13:07:44.741 UTC",0,"2021-06-24T13:07:44.741 UTC",0,"2021-06-24T13:07:44.741 UTC",0,
"2021-06-24T13:07:45.785 UTC",0,"2021-06-24T13:07:45.785 UTC",0,"2021-06-24T13:07:45.785 UTC",0,"2021-06-24T13:07:45.785 UTC",0,"2021-06-24T13:07:45.785 UTC",0,"2021-06-24T13:07:45.785 UTC",0,
"2021-06-24T13:07:46.831 UTC",0,"2021-06-24T13:07:46.831 UTC",0,"2021-06-24T13:07:46.831 UTC",0,"2021-06-24T13:07:46.831 UTC",0,"2021-06-24T13:07:46.831 UTC",0,"2021-06-24T13:07:46.831 UTC",0,
"2021-06-24T13:07:47.855 UTC",0,"2021-06-24T13:07:47.855 UTC",0,"2021-06-24T13:07:47.855 UTC",0,"2021-06-24T13:07:47.855 UTC",0,"2021-06-24T13:07:47.855 UTC",0,"2021-06-24T13:07:47.855 UTC",0,
